[{"model": "admin.logentry", "pk": 1, "fields": {"action_time": "2023-02-13T13:24:04.594", "user": 1, "content_type": 4, "object_id": "2", "object_repr": "liremor", "action_flag": 1, "change_message": "[{\"added\": {}}]"}}, {"model": "admin.logentry", "pk": 2, "fields": {"action_time": "2023-02-13T13:24:29.742", "user": 1, "content_type": 3, "object_id": "1", "object_repr": "Employee", "action_flag": 1, "change_message": "[{\"added\": {}}]"}}, {"model": "admin.logentry", "pk": 3, "fields": {"action_time": "2023-02-13T13:24:49.606", "user": 1, "content_type": 4, "object_id": "3", "object_repr": "rakib", "action_flag": 1, "change_message": "[{\"added\": {}}]"}}, {"model": "admin.logentry", "pk": 4, "fields": {"action_time": "2023-02-13T13:25:15.704", "user": 1, "content_type": 4, "object_id": "3", "object_repr": "rakib", "action_flag": 2, "change_message": "[{\"changed\": {\"fields\": [\"First name\", \"Last name\", \"Email address\", \"Groups\"]}}]"}}, {"model": "admin.logentry", "pk": 5, "fields": {"action_time": "2023-02-13T13:25:23.479", "user": 1, "content_type": 4, "object_id": "2", "object_repr": "liremor", "action_flag": 3, "change_message": ""}}, {"model": "admin.logentry", "pk": 6, "fields": {"action_time": "2023-02-13T13:26:30.745", "user": 1, "content_type": 27, "object_id": "1", "object_repr": "JSE", "action_flag": 1, "change_message": "[{\"added\": {}}]"}}, {"model": "admin.logentry", "pk": 7, "fields": {"action_time": "2023-02-13T13:26:46.525", "user": 1, "content_type": 28, "object_id": "1", "object_repr": "Default Leave config", "action_flag": 1, "change_message": "[{\"added\": {}}]"}}, {"model": "admin.logentry", "pk": 8, "fields": {"action_time": "2023-02-13T13:28:40.843", "user": 1, "content_type": 26, "object_id": "1", "object_repr": "JSE Payscale", "action_flag": 1, "change_message": "[{\"added\": {}}]"}}, {"model": "admin.logentry", "pk": 9, "fields": {"action_time": "2023-02-13T13:29:02.124", "user": 1, "content_type": 43, "object_id": "1", "object_repr": "Django", "action_flag": 1, "change_message": "[{\"added\": {}}]"}}, {"model": "admin.logentry", "pk": 10, "fields": {"action_time": "2023-02-13T13:30:01.092", "user": 1, "content_type": 31, "object_id": "1", "object_repr": "DBBL", "action_flag": 1, "change_message": "[{\"added\": {}}]"}}, {"model": "admin.logentry", "pk": 11, "fields": {"action_time": "2023-02-13T13:30:10.507", "user": 1, "content_type": 35, "object_id": "1", "object_repr": "Rakib", "action_flag": 1, "change_message": "[{\"added\": {}}, {\"added\": {\"name\": \"employee skill\", \"object\": \"EmployeeSkill object (1)\"}}, {\"added\": {\"name\": \"salary history\", \"object\": \"SalaryHistory object (1)\"}}, {\"added\": {\"name\": \"bank account\", \"object\": \"DBBL\"}}]"}}, {"model": "admin.logentry", "pk": 12, "fields": {"action_time": "2023-02-13T13:33:15.850", "user": 1, "content_type": 26, "object_id": "2", "object_repr": "Default Leave config", "action_flag": 1, "change_message": "[{\"added\": {}}]"}}, {"model": "admin.logentry", "pk": 13, "fields": {"action_time": "2023-02-13T13:35:08.092", "user": 1, "content_type": 35, "object_id": "2", "object_repr": "Fozle", "action_flag": 1, "change_message": "[{\"added\": {}}, {\"added\": {\"name\": \"employee skill\", \"object\": \"EmployeeSkill object (2)\"}}, {\"added\": {\"name\": \"salary history\", \"object\": \"SalaryHistory object (2)\"}}, {\"added\": {\"name\": \"bank account\", \"object\": \"DBBL\"}}]"}}, {"model": "admin.logentry", "pk": 14, "fields": {"action_time": "2023-02-13T13:41:50.317", "user": 1, "content_type": 66, "object_id": "1", "object_repr": "Run", "action_flag": 1, "change_message": "[{\"added\": {}}]"}}, {"model": "admin.logentry", "pk": 15, "fields": {"action_time": "2023-02-13T13:42:55.944", "user": 1, "content_type": 61, "object_id": "1", "object_repr": "Python Django", "action_flag": 1, "change_message": "[{\"added\": {}}]"}}, {"model": "admin.logentry", "pk": 16, "fields": {"action_time": "2023-02-13T13:42:58.895", "user": 1, "content_type": 55, "object_id": "1", "object_repr": "NIservices", "action_flag": 1, "change_message": "[{\"added\": {}}, {\"added\": {\"name\": \"project technology\", \"object\": \"Django\"}}]"}}, {"model": "admin.logentry", "pk": 17, "fields": {"action_time": "2023-02-13T13:46:29.482", "user": 1, "content_type": 4, "object_id": "4", "object_repr": "arafat", "action_flag": 1, "change_message": "[{\"added\": {}}]"}}, {"model": "admin.logentry", "pk": 18, "fields": {"action_time": "2023-02-13T13:49:59.155", "user": 1, "content_type": 79, "object_id": "1", "object_repr": "home", "action_flag": 1, "change_message": "[{\"added\": {}}]"}}, {"model": "admin.logentry", "pk": 19, "fields": {"action_time": "2023-02-13T13:50:21.249", "user": 1, "content_type": 75, "object_id": "1", "object_repr": "home expense", "action_flag": 1, "change_message": "[{\"added\": {}}]"}}, {"model": "admin.logentry", "pk": 20, "fields": {"action_time": "2023-02-13T13:50:32.350", "user": 1, "content_type": 73, "object_id": "1", "object_repr": "Expense object (1)", "action_flag": 1, "change_message": "[{\"added\": {}}]"}}, {"model": "admin.logentry", "pk": 21, "fields": {"action_time": "2023-02-13T13:51:00.159", "user": 1, "content_type": 78, "object_id": "1", "object_repr": "Fund object (1)", "action_flag": 1, "change_message": "[{\"added\": {}}]"}}, {"model": "admin.logentry", "pk": 22, "fields": {"action_time": "2023-02-13T13:51:23.968", "user": 1, "content_type": 76, "object_id": "1", "object_repr": "Income object (1)", "action_flag": 1, "change_message": "[{\"added\": {}}]"}}, {"model": "admin.logentry", "pk": 23, "fields": {"action_time": "2023-02-13T13:52:01.678", "user": 1, "content_type": 54, "object_id": "1", "object_repr": "John", "action_flag": 1, "change_message": "[{\"added\": {}}]"}}, {"model": "admin.logentry", "pk": 24, "fields": {"action_time": "2023-02-13T13:52:37.955", "user": 1, "content_type": 85, "object_id": "1", "object_repr": "Invoice object (1)", "action_flag": 1, "change_message": "[{\"added\": {}}]"}}, {"model": "admin.logentry", "pk": 25, "fields": {"action_time": "2023-02-13T13:52:57.646", "user": 1, "content_type": 87, "object_id": "1", "object_repr": "ProjectCommission object (1)", "action_flag": 1, "change_message": "[{\"added\": {}}]"}}, {"model": "admin.logentry", "pk": 26, "fields": {"action_time": "2023-02-13T13:53:20.920", "user": 1, "content_type": 74, "object_id": "1", "object_repr": "SalaryDisbursement object (1)", "action_flag": 1, "change_message": "[{\"added\": {}}]"}}, {"model": "admin.logentry", "pk": 27, "fields": {"action_time": "2023-02-13T13:54:41.612", "user": 1, "content_type": 71, "object_id": "None", "object_repr": "SalarySheet object (None)", "action_flag": 1, "change_message": "[{\"added\": {}}]"}}, {"model": "admin.logentry", "pk": 28, "fields": {"action_time": "2023-02-13T13:55:54.432", "user": 1, "content_type": 96, "object_id": "1", "object_repr": "Django", "action_flag": 1, "change_message": "[{\"added\": {}}]"}}, {"model": "admin.logentry", "pk": 29, "fields": {"action_time": "2023-02-13T13:56:09.295", "user": 1, "content_type": 97, "object_id": "1", "object_repr": "Credential object (1)", "action_flag": 1, "change_message": "[{\"added\": {}}]"}}, {"model": "admin.logentry", "pk": 30, "fields": {"action_time": "2023-02-13T13:56:39.699", "user": 1, "content_type": 50, "object_id": "1", "object_repr": "EmployeeActivity object (1)", "action_flag": 1, "change_message": "[{\"added\": {}}]"}}, {"model": "admin.logentry", "pk": 31, "fields": {"action_time": "2023-02-13T16:05:27.141", "user": 1, "content_type": 4, "object_id": "5", "object_repr": "Rubayot", "action_flag": 1, "change_message": "[{\"added\": {}}]"}}, {"model": "admin.logentry", "pk": 32, "fields": {"action_time": "2023-02-13T16:06:49.920", "user": 1, "content_type": 4, "object_id": "5", "object_repr": "Rubayot", "action_flag": 2, "change_message": "[{\"changed\": {\"fields\": [\"First name\", \"Last name\", \"Email address\"]}}]"}}, {"model": "admin.logentry", "pk": 33, "fields": {"action_time": "2023-02-13T16:07:11.494", "user": 1, "content_type": 4, "object_id": "5", "object_repr": "Rubayot", "action_flag": 2, "change_message": "[]"}}, {"model": "admin.logentry", "pk": 34, "fields": {"action_time": "2023-02-13T16:09:50.259", "user": 1, "content_type": 35, "object_id": "4", "object_repr": "Rubayot", "action_flag": 1, "change_message": "[{\"added\": {}}, {\"added\": {\"name\": \"employee skill\", \"object\": \"EmployeeSkill object (3)\"}}, {\"added\": {\"name\": \"salary history\", \"object\": \"SalaryHistory object (3)\"}}, {\"added\": {\"name\": \"bank account\", \"object\": \"DBBL\"}}]"}}, {"model": "admin.logentry", "pk": 35, "fields": {"action_time": "2023-02-13T16:10:06.273", "user": 1, "content_type": 70, "object_id": "1", "object_repr": "DailyProjectUpdate object (1)", "action_flag": 1, "change_message": "[{\"added\": {}}]"}}, {"model": "admin.logentry", "pk": 36, "fields": {"action_time": "2023-02-13T16:11:34.112", "user": 1, "content_type": 70, "object_id": "1", "object_repr": "DailyProjectUpdate object (1)", "action_flag": 2, "change_message": "[{\"changed\": {\"fields\": [\"Update\"]}}]"}}, {"model": "admin.logentry", "pk": 37, "fields": {"action_time": "2023-02-13T16:18:27.498", "user": 1, "content_type": 4, "object_id": "5", "object_repr": "Rubayot", "action_flag": 2, "change_message": "[{\"changed\": {\"fields\": [\"User permissions\"]}}]"}}, {"model": "admin.logentry", "pk": 38, "fields": {"action_time": "2023-02-13T16:20:25.416", "user": 1, "content_type": 4, "object_id": "5", "object_repr": "Rubayot", "action_flag": 2, "change_message": "[{\"changed\": {\"fields\": [\"User permissions\"]}}]"}}, {"model": "admin.logentry", "pk": 39, "fields": {"action_time": "2023-02-13T16:20:45.941", "user": 5, "content_type": 70, "object_id": "1", "object_repr": "DailyProjectUpdate object (1)", "action_flag": 2, "change_message": "[{\"changed\": {\"fields\": [\"Hours\"]}}]"}}, {"model": "admin.logentry", "pk": 40, "fields": {"action_time": "2023-02-13T16:22:05.114", "user": 1, "content_type": 4, "object_id": "5", "object_repr": "Rubayot", "action_flag": 2, "change_message": "[{\"changed\": {\"fields\": [\"User permissions\"]}}]"}}, {"model": "admin.logentry", "pk": 41, "fields": {"action_time": "2023-02-13T16:25:30.680", "user": 1, "content_type": 4, "object_id": "5", "object_repr": "Rubayot", "action_flag": 2, "change_message": "[{\"changed\": {\"fields\": [\"User permissions\"]}}]"}}, {"model": "admin.logentry", "pk": 42, "fields": {"action_time": "2023-02-13T17:00:36.790", "user": 1, "content_type": 70, "object_id": "1", "object_repr": "DailyProjectUpdate object (1)", "action_flag": 2, "change_message": "[{\"changed\": {\"fields\": [\"Hours\"]}}]"}}, {"model": "admin.logentry", "pk": 43, "fields": {"action_time": "2023-02-13T17:09:27.966", "user": 5, "content_type": 70, "object_id": "1", "object_repr": "DailyProjectUpdate object (1)", "action_flag": 2, "change_message": "[{\"changed\": {\"fields\": [\"Hours\"]}}]"}}, {"model": "admin.logentry", "pk": 44, "fields": {"action_time": "2023-02-13T17:40:19.873", "user": 5, "content_type": 70, "object_id": "1", "object_repr": "DailyProjectUpdate object (1)", "action_flag": 2, "change_message": "[{\"changed\": {\"fields\": [\"Hours\"]}}]"}}, {"model": "admin.logentry", "pk": 45, "fields": {"action_time": "2023-02-13T17:46:19.766", "user": 1, "content_type": 70, "object_id": "2", "object_repr": "DailyProjectUpdate object (2)", "action_flag": 1, "change_message": "[{\"added\": {}}]"}}, {"model": "admin.logentry", "pk": 46, "fields": {"action_time": "2023-02-13T17:46:32.248", "user": 5, "content_type": 70, "object_id": "2", "object_repr": "DailyProjectUpdate object (2)", "action_flag": 2, "change_message": "[{\"changed\": {\"fields\": [\"Hours\"]}}]"}}, {"model": "admin.logentry", "pk": 47, "fields": {"action_time": "2023-02-13T17:46:39.805", "user": 5, "content_type": 70, "object_id": "2", "object_repr": "DailyProjectUpdate object (2)", "action_flag": 2, "change_message": "[{\"changed\": {\"fields\": [\"Status\"]}}]"}}, {"model": "admin.logentry", "pk": 48, "fields": {"action_time": "2023-02-13T17:51:59.587", "user": 5, "content_type": 70, "object_id": "2", "object_repr": "DailyProjectUpdate object (2)", "action_flag": 2, "change_message": "[{\"changed\": {\"fields\": [\"Hours\"]}}]"}}, {"model": "admin.logentry", "pk": 49, "fields": {"action_time": "2023-02-13T17:57:39.289", "user": 5, "content_type": 70, "object_id": "2", "object_repr": "DailyProjectUpdate object (2)", "action_flag": 2, "change_message": "[{\"changed\": {\"fields\": [\"Hours\", \"Status\"]}}]"}}, {"model": "admin.logentry", "pk": 50, "fields": {"action_time": "2023-02-13T18:26:42.729", "user": 5, "content_type": 70, "object_id": "2", "object_repr": "DailyProjectUpdate object (2)", "action_flag": 2, "change_message": "[{\"changed\": {\"fields\": [\"Hours\"]}}]"}}, {"model": "admin.logentry", "pk": 51, "fields": {"action_time": "2023-02-13T18:54:15.553", "user": 1, "content_type": 4, "object_id": "5", "object_repr": "Rubayot", "action_flag": 2, "change_message": "[{\"changed\": {\"fields\": [\"User permissions\"]}}]"}}, {"model": "admin.logentry", "pk": 52, "fields": {"action_time": "2023-02-13T18:56:00.294", "user": 5, "content_type": 70, "object_id": "3", "object_repr": "DailyProjectUpdate object (3)", "action_flag": 1, "change_message": "[{\"added\": {}}]"}}, {"model": "admin.logentry", "pk": 53, "fields": {"action_time": "2023-02-13T19:21:28.310", "user": 5, "content_type": 70, "object_id": "3", "object_repr": "DailyProjectUpdate object (3)", "action_flag": 2, "change_message": "[{\"changed\": {\"fields\": [\"Update\"]}}]"}}, {"model": "admin.logentry", "pk": 54, "fields": {"action_time": "2023-02-13T19:21:35.944", "user": 5, "content_type": 70, "object_id": "2", "object_repr": "DailyProjectUpdate object (2)", "action_flag": 2, "change_message": "[{\"changed\": {\"fields\": [\"Status\"]}}]"}}, {"model": "admin.logentry", "pk": 55, "fields": {"action_time": "2023-02-13T19:21:45.464", "user": 5, "content_type": 70, "object_id": "3", "object_repr": "DailyProjectUpdate object (3)", "action_flag": 2, "change_message": "[{\"changed\": {\"fields\": [\"Status\"]}}]"}}, {"model": "admin.logentry", "pk": 56, "fields": {"action_time": "2023-02-13T19:24:16.757", "user": 1, "content_type": 70, "object_id": "1", "object_repr": "DailyProjectUpdate object (1)", "action_flag": 2, "change_message": "[{\"changed\": {\"fields\": [\"Update\"]}}]"}}, {"model": "admin.logentry", "pk": 57, "fields": {"action_time": "2023-02-13T19:33:05.626", "user": 1, "content_type": 4, "object_id": "6", "object_repr": "nabil", "action_flag": 1, "change_message": "[{\"added\": {}}]"}}, {"model": "admin.logentry", "pk": 58, "fields": {"action_time": "2023-02-13T19:33:28.564", "user": 1, "content_type": 4, "object_id": "6", "object_repr": "nabil", "action_flag": 2, "change_message": "[{\"changed\": {\"fields\": [\"Groups\"]}}]"}}, {"model": "admin.logentry", "pk": 59, "fields": {"action_time": "2023-02-13T19:33:45.847", "user": 1, "content_type": 4, "object_id": "6", "object_repr": "nabil", "action_flag": 2, "change_message": "[{\"changed\": {\"fields\": [\"Active\"]}}]"}}, {"model": "admin.logentry", "pk": 60, "fields": {"action_time": "2023-02-13T19:33:55.967", "user": 1, "content_type": 4, "object_id": "6", "object_repr": "nabil", "action_flag": 2, "change_message": "[{\"changed\": {\"fields\": [\"Active\"]}}]"}}, {"model": "admin.logentry", "pk": 61, "fields": {"action_time": "2023-02-13T19:36:17.056", "user": 1, "content_type": 35, "object_id": "5", "object_repr": "Nabil", "action_flag": 1, "change_message": "[{\"added\": {}}, {\"added\": {\"name\": \"employee skill\", \"object\": \"EmployeeSkill object (4)\"}}, {\"added\": {\"name\": \"salary history\", \"object\": \"SalaryHistory object (4)\"}}, {\"added\": {\"name\": \"bank account\", \"object\": \"DBBL\"}}]"}}, {"model": "admin.logentry", "pk": 62, "fields": {"action_time": "2023-02-13T20:01:09.421", "user": 5, "content_type": 70, "object_id": "3", "object_repr": "DailyProjectUpdate object (3)", "action_flag": 2, "change_message": "[{\"changed\": {\"fields\": [\"Status\"]}}]"}}, {"model": "admin.logentry", "pk": 63, "fields": {"action_time": "2023-02-13T20:04:21.636", "user": 1, "content_type": 97, "object_id": "2", "object_repr": "Credential object (2)", "action_flag": 1, "change_message": "[{\"added\": {}}]"}}, {"model": "admin.logentry", "pk": 64, "fields": {"action_time": "2023-02-13T20:43:44.256", "user": 1, "content_type": 35, "object_id": "6", "object_repr": "Ahsanul", "action_flag": 1, "change_message": "[{\"added\": {}}, {\"added\": {\"name\": \"employee skill\", \"object\": \"EmployeeSkill object (5)\"}}, {\"added\": {\"name\": \"salary history\", \"object\": \"SalaryHistory object (5)\"}}, {\"added\": {\"name\": \"bank account\", \"object\": \"DBBL\"}}]"}}, {"model": "admin.logentry", "pk": 65, "fields": {"action_time": "2023-02-13T20:44:06.992", "user": 1, "content_type": 70, "object_id": "2", "object_repr": "DailyProjectUpdate object (2)", "action_flag": 2, "change_message": "[{\"changed\": {\"fields\": [\"Employee\"]}}]"}}, {"model": "admin.logentry", "pk": 66, "fields": {"action_time": "2023-02-13T20:45:15.043", "user": 1, "content_type": 54, "object_id": "2", "object_repr": "andraw", "action_flag": 1, "change_message": "[{\"added\": {}}]"}}, {"model": "admin.logentry", "pk": 67, "fields": {"action_time": "2023-02-13T20:47:11.821", "user": 1, "content_type": 70, "object_id": "3", "object_repr": "DailyProjectUpdate object (3)", "action_flag": 2, "change_message": "[{\"changed\": {\"fields\": [\"Manager\"]}}]"}}, {"model": "admin.logentry", "pk": 68, "fields": {"action_time": "2023-02-13T20:48:38.792", "user": 1, "content_type": 70, "object_id": "3", "object_repr": "DailyProjectUpdate object (3)", "action_flag": 2, "change_message": "[{\"changed\": {\"fields\": [\"Employee\"]}}]"}}, {"model": "admin.logentry", "pk": 69, "fields": {"action_time": "2023-02-13T20:49:15.324", "user": 5, "content_type": 70, "object_id": "2", "object_repr": "DailyProjectUpdate object (2)", "action_flag": 2, "change_message": "[{\"changed\": {\"fields\": [\"Hours\", \"Status\"]}}]"}}, {"model": "admin.logentry", "pk": 70, "fields": {"action_time": "2023-02-13T20:49:56.791", "user": 5, "content_type": 70, "object_id": "4", "object_repr": "DailyProjectUpdate object (4)", "action_flag": 1, "change_message": "[{\"added\": {}}]"}}, {"model": "admin.logentry", "pk": 71, "fields": {"action_time": "2023-02-13T20:50:08.772", "user": 5, "content_type": 70, "object_id": "4", "object_repr": "DailyProjectUpdate object (4)", "action_flag": 2, "change_message": "[{\"changed\": {\"fields\": [\"Status\"]}}]"}}, {"model": "admin.logentry", "pk": 72, "fields": {"action_time": "2023-02-14T13:10:13.035", "user": 5, "content_type": 56, "object_id": "1", "object_repr": "NIservices | Rubayot", "action_flag": 1, "change_message": "[{\"added\": {}}, {\"added\": {\"name\": \"employee project hour\", \"object\": \"EmployeeProjectHour object (1)\"}}]"}}, {"model": "admin.logentry", "pk": 73, "fields": {"action_time": "2023-02-14T13:10:21.828", "user": 5, "content_type": 57, "object_id": "2", "object_repr": "EmployeeProjectHour object (2)", "action_flag": 1, "change_message": "[{\"added\": {}}]"}}, {"model": "admin.logentry", "pk": 74, "fields": {"action_time": "2023-02-14T13:16:05.534", "user": 1, "content_type": 66, "object_id": "2", "object_repr": "GANAa", "action_flag": 1, "change_message": "[{\"added\": {}}]"}}, {"model": "admin.logentry", "pk": 75, "fields": {"action_time": "2023-02-14T13:16:18.799", "user": 1, "content_type": 55, "object_id": "2", "object_repr": "gana", "action_flag": 1, "change_message": "[{\"added\": {}}, {\"added\": {\"name\": \"project technology\", \"object\": \"Dajngo\"}}]"}}, {"model": "admin.logentry", "pk": 76, "fields": {"action_time": "2023-02-14T13:17:23.235", "user": 5, "content_type": 70, "object_id": "5", "object_repr": "DailyProjectUpdate object (5)", "action_flag": 1, "change_message": "[{\"added\": {}}]"}}, {"model": "admin.logentry", "pk": 77, "fields": {"action_time": "2023-02-14T18:21:56.925", "user": 1, "content_type": 4, "object_id": "7", "object_repr": "rakibdj", "action_flag": 1, "change_message": "[{\"added\": {}}]"}}, {"model": "admin.logentry", "pk": 78, "fields": {"action_time": "2023-02-14T18:22:13.944", "user": 1, "content_type": 4, "object_id": "7", "object_repr": "rakibdj", "action_flag": 2, "change_message": "[{\"changed\": {\"fields\": [\"Groups\"]}}]"}}, {"model": "admin.logentry", "pk": 79, "fields": {"action_time": "2023-02-14T18:23:37.729", "user": 1, "content_type": 35, "object_id": "7", "object_repr": "Rakib DJ", "action_flag": 1, "change_message": "[{\"added\": {}}, {\"added\": {\"name\": \"employee skill\", \"object\": \"EmployeeSkill object (6)\"}}, {\"added\": {\"name\": \"salary history\", \"object\": \"SalaryHistory object (6)\"}}, {\"added\": {\"name\": \"bank account\", \"object\": \"DBBL\"}}]"}}, {"model": "admin.logentry", "pk": 80, "fields": {"action_time": "2023-02-14T18:27:54.525", "user": 1, "content_type": 4, "object_id": "7", "object_repr": "rakibdj", "action_flag": 2, "change_message": "[{\"changed\": {\"fields\": [\"User permissions\"]}}]"}}, {"model": "admin.logentry", "pk": 81, "fields": {"action_time": "2023-02-14T18:29:04.662", "user": 1, "content_type": 4, "object_id": "7", "object_repr": "rakibdj", "action_flag": 2, "change_message": "[{\"changed\": {\"fields\": [\"User permissions\"]}}]"}}, {"model": "admin.logentry", "pk": 82, "fields": {"action_time": "2023-02-14T18:29:28.840", "user": 7, "content_type": 70, "object_id": "6", "object_repr": "DailyProjectUpdate object (6)", "action_flag": 1, "change_message": "[{\"added\": {}}]"}}, {"model": "admin.logentry", "pk": 83, "fields": {"action_time": "2023-02-14T18:33:27.779", "user": 1, "content_type": 4, "object_id": "4", "object_repr": "Manager", "action_flag": 2, "change_message": "[{\"changed\": {\"fields\": [\"Username\"]}}]"}}, {"model": "admin.logentry", "pk": 84, "fields": {"action_time": "2023-02-14T18:33:52.670", "user": 1, "content_type": 4, "object_id": "7", "object_repr": "Developer", "action_flag": 2, "change_message": "[{\"changed\": {\"fields\": [\"Username\"]}}]"}}, {"model": "admin.logentry", "pk": 85, "fields": {"action_time": "2023-02-14T18:34:17.333", "user": 1, "content_type": 4, "object_id": "1", "object_repr": "Boss", "action_flag": 2, "change_message": "[{\"changed\": {\"fields\": [\"Username\", \"First name\"]}}]"}}, {"model": "admin.logentry", "pk": 86, "fields": {"action_time": "2023-02-14T18:35:12.466", "user": 1, "content_type": 4, "object_id": "7", "object_repr": "Developer", "action_flag": 2, "change_message": "[{\"changed\": {\"fields\": [\"First name\"]}}]"}}, {"model": "admin.logentry", "pk": 87, "fields": {"action_time": "2023-02-14T18:35:24.477", "user": 1, "content_type": 4, "object_id": "4", "object_repr": "Manager", "action_flag": 2, "change_message": "[{\"changed\": {\"fields\": [\"First name\"]}}]"}}, {"model": "admin.logentry", "pk": 88, "fields": {"action_time": "2023-02-14T18:39:25.205", "user": 1, "content_type": 4, "object_id": "5", "object_repr": "Manager2", "action_flag": 2, "change_message": "[{\"changed\": {\"fields\": [\"Username\", \"First name\"]}}]"}}, {"model": "admin.logentry", "pk": 89, "fields": {"action_time": "2023-02-14T18:59:31.122", "user": 5, "content_type": 56, "object_id": "2", "object_repr": "NIservices | Rubayot", "action_flag": 1, "change_message": "[{\"added\": {}}]"}}, {"model": "admin.logentry", "pk": 90, "fields": {"action_time": "2023-02-14T19:00:00.798", "user": 5, "content_type": 56, "object_id": "2", "object_repr": "NIservices | Rubayot", "action_flag": 2, "change_message": "[{\"added\": {\"name\": \"employee project hour\", \"object\": \"EmployeeProjectHour object (3)\"}}]"}}, {"model": "admin.logentry", "pk": 91, "fields": {"action_time": "2023-02-14T19:04:43.284", "user": 1, "content_type": 4, "object_id": "7", "object_repr": "Developer", "action_flag": 2, "change_message": "[{\"changed\": {\"fields\": [\"User permissions\"]}}]"}}, {"model": "admin.logentry", "pk": 92, "fields": {"action_time": "2023-02-14T19:06:48.983", "user": 1, "content_type": 3, "object_id": "2", "object_repr": "Manager", "action_flag": 1, "change_message": "[{\"added\": {}}]"}}, {"model": "admin.logentry", "pk": 93, "fields": {"action_time": "2023-02-14T19:07:42.251", "user": 1, "content_type": 4, "object_id": "5", "object_repr": "Manager2", "action_flag": 2, "change_message": "[{\"changed\": {\"fields\": [\"User permissions\"]}}]"}}, {"model": "admin.logentry", "pk": 94, "fields": {"action_time": "2023-02-14T19:08:35.788", "user": 1, "content_type": 3, "object_id": "1", "object_repr": "Employee", "action_flag": 2, "change_message": "[{\"changed\": {\"fields\": [\"Permissions\"]}}]"}}, {"model": "admin.logentry", "pk": 95, "fields": {"action_time": "2023-02-14T19:09:26.044", "user": 1, "content_type": 4, "object_id": "5", "object_repr": "Manager2", "action_flag": 2, "change_message": "[{\"changed\": {\"fields\": [\"Groups\"]}}]"}}, {"model": "admin.logentry", "pk": 96, "fields": {"action_time": "2023-02-14T19:11:45.240", "user": 1, "content_type": 3, "object_id": "2", "object_repr": "Manager", "action_flag": 2, "change_message": "[{\"changed\": {\"fields\": [\"Permissions\"]}}]"}}, {"model": "admin.logentry", "pk": 97, "fields": {"action_time": "2023-02-14T19:17:01.939", "user": 1, "content_type": 3, "object_id": "1", "object_repr": "Employee", "action_flag": 2, "change_message": "[{\"changed\": {\"fields\": [\"Permissions\"]}}]"}}, {"model": "admin.logentry", "pk": 98, "fields": {"action_time": "2023-02-14T19:17:34.989", "user": 1, "content_type": 3, "object_id": "1", "object_repr": "Employee", "action_flag": 2, "change_message": "[{\"changed\": {\"fields\": [\"Permissions\"]}}]"}}, {"model": "admin.logentry", "pk": 99, "fields": {"action_time": "2023-02-14T19:19:34.954", "user": 1, "content_type": 3, "object_id": "1", "object_repr": "Employee", "action_flag": 2, "change_message": "[{\"changed\": {\"fields\": [\"Permissions\"]}}]"}}, {"model": "admin.logentry", "pk": 100, "fields": {"action_time": "2023-02-14T19:47:01.616", "user": 1, "content_type": 3, "object_id": "1", "object_repr": "Employee", "action_flag": 2, "change_message": "[{\"changed\": {\"fields\": [\"Permissions\"]}}]"}}, {"model": "admin.logentry", "pk": 101, "fields": {"action_time": "2023-02-14T19:50:39.142", "user": 1, "content_type": 3, "object_id": "1", "object_repr": "Employee", "action_flag": 2, "change_message": "[{\"changed\": {\"fields\": [\"Permissions\"]}}]"}}, {"model": "admin.logentry", "pk": 102, "fields": {"action_time": "2023-02-14T19:51:25.037", "user": 1, "content_type": 3, "object_id": "1", "object_repr": "Employee", "action_flag": 2, "change_message": "[{\"changed\": {\"fields\": [\"Permissions\"]}}]"}}, {"model": "admin.logentry", "pk": 103, "fields": {"action_time": "2023-02-14T19:53:02.978", "user": 1, "content_type": 70, "object_id": "7", "object_repr": "DailyProjectUpdate object (7)", "action_flag": 1, "change_message": "[{\"added\": {}}]"}}, {"model": "admin.logentry", "pk": 104, "fields": {"action_time": "2023-02-14T19:53:52.487", "user": 5, "content_type": 70, "object_id": "8", "object_repr": "DailyProjectUpdate object (8)", "action_flag": 1, "change_message": "[{\"added\": {}}]"}}, {"model": "admin.logentry", "pk": 105, "fields": {"action_time": "2023-02-14T19:55:12.264", "user": 1, "content_type": 70, "object_id": "7", "object_repr": "DailyProjectUpdate object (7)", "action_flag": 2, "change_message": "[]"}}, {"model": "admin.logentry", "pk": 106, "fields": {"action_time": "2023-02-14T19:55:21.855", "user": 1, "content_type": 70, "object_id": "8", "object_repr": "DailyProjectUpdate object (8)", "action_flag": 2, "change_message": "[{\"changed\": {\"fields\": [\"Update\"]}}]"}}, {"model": "admin.logentry", "pk": 107, "fields": {"action_time": "2023-02-14T19:55:59.314", "user": 1, "content_type": 70, "object_id": "9", "object_repr": "DailyProjectUpdate object (9)", "action_flag": 1, "change_message": "[{\"added\": {}}]"}}, {"model": "admin.logentry", "pk": 108, "fields": {"action_time": "2023-02-14T19:57:03.694", "user": 1, "content_type": 4, "object_id": "5", "object_repr": "Manager2", "action_flag": 2, "change_message": "[]"}}, {"model": "admin.logentry", "pk": 109, "fields": {"action_time": "2023-02-14T20:20:35.937", "user": 1, "content_type": 70, "object_id": "1", "object_repr": "DailyProjectUpdate object (1)", "action_flag": 2, "change_message": "[{\"changed\": {\"fields\": [\"Hours\"]}}]"}}, {"model": "admin.logentry", "pk": 110, "fields": {"action_time": "2023-02-14T20:21:18.253", "user": 5, "content_type": 70, "object_id": "10", "object_repr": "DailyProjectUpdate object (10)", "action_flag": 1, "change_message": "[{\"added\": {}}]"}}, {"model": "admin.logentry", "pk": 111, "fields": {"action_time": "2023-02-14T20:26:27.421", "user": 5, "content_type": 70, "object_id": "2", "object_repr": "DailyProjectUpdate object (2)", "action_flag": 2, "change_message": "[{\"changed\": {\"fields\": [\"Status\"]}}]"}}, {"model": "admin.logentry", "pk": 112, "fields": {"action_time": "2023-02-14T20:31:50.746", "user": 7, "content_type": 70, "object_id": "11", "object_repr": "DailyProjectUpdate object (11)", "action_flag": 1, "change_message": "[{\"added\": {}}]"}}, {"model": "admin.logentry", "pk": 113, "fields": {"action_time": "2023-02-14T20:53:04.978", "user": 1, "content_type": 70, "object_id": "12", "object_repr": "DailyProjectUpdate object (12)", "action_flag": 1, "change_message": "[{\"added\": {}}]"}}, {"model": "admin.logentry", "pk": 114, "fields": {"action_time": "2023-02-14T20:54:09.627", "user": 5, "content_type": 70, "object_id": "13", "object_repr": "DailyProjectUpdate object (13)", "action_flag": 1, "change_message": "[{\"added\": {}}]"}}, {"model": "admin.logentry", "pk": 115, "fields": {"action_time": "2023-02-14T21:00:19.129", "user": 1, "content_type": 4, "object_id": "1", "object_repr": "Boss", "action_flag": 2, "change_message": "[{\"changed\": {\"fields\": [\"First name\"]}}]"}}, {"model": "admin.logentry", "pk": 116, "fields": {"action_time": "2023-02-14T21:00:50.462", "user": 1, "content_type": 4, "object_id": "4", "object_repr": "Manager1", "action_flag": 2, "change_message": "[{\"changed\": {\"fields\": [\"Username\"]}}]"}}, {"model": "admin.logentry", "pk": 117, "fields": {"action_time": "2023-02-14T21:19:34.783", "user": 5, "content_type": 70, "object_id": "14", "object_repr": "DailyProjectUpdate object (14)", "action_flag": 1, "change_message": "[{\"added\": {}}]"}}, {"model": "admin.logentry", "pk": 118, "fields": {"action_time": "2023-02-15T12:17:54.147", "user": 1, "content_type": 70, "object_id": "13", "object_repr": "DailyProjectUpdate object (13)", "action_flag": 3, "change_message": ""}}, {"model": "admin.logentry", "pk": 119, "fields": {"action_time": "2023-02-15T12:17:54.161", "user": 1, "content_type": 70, "object_id": "10", "object_repr": "DailyProjectUpdate object (10)", "action_flag": 3, "change_message": ""}}, {"model": "admin.logentry", "pk": 120, "fields": {"action_time": "2023-02-15T12:19:25.643", "user": 1, "content_type": 70, "object_id": "8", "object_repr": "DailyProjectUpdate object (8)", "action_flag": 2, "change_message": "[]"}}, {"model": "admin.logentry", "pk": 121, "fields": {"action_time": "2023-02-15T12:28:12.367", "user": 1, "content_type": 70, "object_id": "15", "object_repr": "DailyProjectUpdate object (15)", "action_flag": 1, "change_message": "[{\"added\": {}}]"}}, {"model": "admin.logentry", "pk": 122, "fields": {"action_time": "2023-02-15T12:28:34.487", "user": 1, "content_type": 70, "object_id": "15", "object_repr": "DailyProjectUpdate object (15)", "action_flag": 2, "change_message": "[{\"changed\": {\"fields\": [\"Employee\"]}}]"}}, {"model": "admin.logentry", "pk": 123, "fields": {"action_time": "2023-02-15T12:28:41.806", "user": 1, "content_type": 70, "object_id": "15", "object_repr": "DailyProjectUpdate object (15)", "action_flag": 2, "change_message": "[{\"changed\": {\"fields\": [\"Manager\"]}}]"}}, {"model": "admin.logentry", "pk": 124, "fields": {"action_time": "2023-02-15T12:28:50.176", "user": 1, "content_type": 70, "object_id": "15", "object_repr": "DailyProjectUpdate object (15)", "action_flag": 2, "change_message": "[{\"changed\": {\"fields\": [\"Project\"]}}]"}}, {"model": "admin.logentry", "pk": 125, "fields": {"action_time": "2023-02-15T12:29:02.724", "user": 1, "content_type": 70, "object_id": "15", "object_repr": "DailyProjectUpdate object (15)", "action_flag": 2, "change_message": "[{\"changed\": {\"fields\": [\"Status\"]}}]"}}, {"model": "admin.logentry", "pk": 126, "fields": {"action_time": "2023-02-15T12:29:14.314", "user": 1, "content_type": 70, "object_id": "15", "object_repr": "DailyProjectUpdate object (15)", "action_flag": 3, "change_message": ""}}, {"model": "admin.logentry", "pk": 127, "fields": {"action_time": "2023-02-15T12:30:06.144", "user": 5, "content_type": 70, "object_id": "16", "object_repr": "DailyProjectUpdate object (16)", "action_flag": 1, "change_message": "[{\"added\": {}}]"}}, {"model": "admin.logentry", "pk": 128, "fields": {"action_time": "2023-02-15T12:30:27.812", "user": 5, "content_type": 70, "object_id": "16", "object_repr": "DailyProjectUpdate object (16)", "action_flag": 2, "change_message": "[{\"changed\": {\"fields\": [\"Project\", \"Hours\", \"Status\"]}}]"}}, {"model": "admin.logentry", "pk": 129, "fields": {"action_time": "2023-02-15T12:30:58.829", "user": 5, "content_type": 70, "object_id": "14", "object_repr": "DailyProjectUpdate object (14)", "action_flag": 3, "change_message": ""}}, {"model": "admin.logentry", "pk": 130, "fields": {"action_time": "2023-02-15T12:32:53.065", "user": 7, "content_type": 70, "object_id": "17", "object_repr": "DailyProjectUpdate object (17)", "action_flag": 1, "change_message": "[{\"added\": {}}]"}}, {"model": "admin.logentry", "pk": 131, "fields": {"action_time": "2023-02-15T12:37:10.264", "user": 5, "content_type": 70, "object_id": "12", "object_repr": "DailyProjectUpdate object (12)", "action_flag": 2, "change_message": "[{\"changed\": {\"fields\": [\"Employee\"]}}]"}}, {"model": "admin.logentry", "pk": 132, "fields": {"action_time": "2023-02-15T12:41:29.613", "user": 5, "content_type": 70, "object_id": "11", "object_repr": "DailyProjectUpdate object (11)", "action_flag": 2, "change_message": "[{\"changed\": {\"fields\": [\"Update\"]}}]"}}, {"model": "admin.logentry", "pk": 133, "fields": {"action_time": "2023-02-15T13:09:24.909", "user": 7, "content_type": 70, "object_id": "18", "object_repr": "DailyProjectUpdate object (18)", "action_flag": 1, "change_message": "[{\"added\": {}}]"}}, {"model": "admin.logentry", "pk": 134, "fields": {"action_time": "2023-02-15T13:33:33.929", "user": 1, "content_type": 4, "object_id": "5", "object_repr": "Manager", "action_flag": 2, "change_message": "[{\"changed\": {\"fields\": [\"Username\"]}}]"}}, {"model": "admin.logentry", "pk": 135, "fields": {"action_time": "2023-02-15T13:34:55.053", "user": 1, "content_type": 70, "object_id": "19", "object_repr": "DailyProjectUpdate object (19)", "action_flag": 1, "change_message": "[{\"added\": {}}]"}}, {"model": "admin.logentry", "pk": 136, "fields": {"action_time": "2023-02-15T13:36:29.316", "user": 5, "content_type": 70, "object_id": "20", "object_repr": "DailyProjectUpdate object (20)", "action_flag": 1, "change_message": "[{\"added\": {}}]"}}, {"model": "admin.logentry", "pk": 137, "fields": {"action_time": "2023-02-15T13:37:40.794", "user": 7, "content_type": 70, "object_id": "21", "object_repr": "DailyProjectUpdate object (21)", "action_flag": 1, "change_message": "[{\"added\": {}}]"}}, {"model": "admin.logentry", "pk": 138, "fields": {"action_time": "2023-02-16T13:24:24.290", "user": 7, "content_type": 70, "object_id": "22", "object_repr": "DailyProjectUpdate object (22)", "action_flag": 1, "change_message": "[{\"added\": {}}]"}}, {"model": "admin.logentry", "pk": 139, "fields": {"action_time": "2023-02-20T17:42:07.436", "user": 1, "content_type": 107, "object_id": "1", "object_repr": "Bandarban", "action_flag": 1, "change_message": "[{\"added\": {}}]"}}, {"model": "admin.logentry", "pk": 140, "fields": {"action_time": "2023-02-20T19:38:29.189", "user": 1, "content_type": 107, "object_id": "1", "object_repr": "Bandarban", "action_flag": 2, "change_message": "[]"}}, {"model": "admin.logentry", "pk": 141, "fields": {"action_time": "2023-02-21T12:50:18.611", "user": 1, "content_type": 107, "object_id": "2", "object_repr": "Nilgiri", "action_flag": 1, "change_message": "[{\"added\": {}}]"}}, {"model": "admin.logentry", "pk": 142, "fields": {"action_time": "2023-02-21T12:56:42.328", "user": 1, "content_type": 107, "object_id": "2", "object_repr": "Nilgiri", "action_flag": 2, "change_message": "[{\"changed\": {\"fields\": [\"Employees\"]}}]"}}, {"model": "admin.logentry", "pk": 143, "fields": {"action_time": "2023-02-21T14:18:20.607", "user": 1, "content_type": 35, "object_id": "6", "object_repr": "Ahsanul", "action_flag": 2, "change_message": "[{\"changed\": {\"fields\": [\"Slug\"]}}]"}}, {"model": "admin.logentry", "pk": 144, "fields": {"action_time": "2023-02-21T17:37:14.361", "user": 1, "content_type": 35, "object_id": "4", "object_repr": "Rubayot", "action_flag": 2, "change_message": "[{\"changed\": {\"fields\": [\"Slug\", \"Joining date\"]}}]"}}, {"model": "admin.logentry", "pk": 145, "fields": {"action_time": "2023-02-21T17:37:49.093", "user": 1, "content_type": 35, "object_id": "4", "object_repr": "Rubayot", "action_flag": 2, "change_message": "[{\"changed\": {\"fields\": [\"Slug\", \"Joining date\"]}}]"}}, {"model": "admin.logentry", "pk": 146, "fields": {"action_time": "2023-02-21T17:47:04.572", "user": 1, "content_type": 35, "object_id": "6", "object_repr": "Ahsanul", "action_flag": 2, "change_message": "[{\"changed\": {\"fields\": [\"Slug\"]}}]"}}, {"model": "admin.logentry", "pk": 147, "fields": {"action_time": "2023-02-21T18:24:02.608", "user": 1, "content_type": 107, "object_id": "1", "object_repr": "Bandarban", "action_flag": 3, "change_message": ""}}, {"model": "admin.logentry", "pk": 148, "fields": {"action_time": "2023-02-21T18:42:42.854", "user": 1, "content_type": 107, "object_id": "3", "object_repr": "cox-bazar", "action_flag": 1, "change_message": "[{\"added\": {}}]"}}, {"model": "admin.logentry", "pk": 149, "fields": {"action_time": "2023-02-21T18:43:36.237", "user": 1, "content_type": 107, "object_id": "3", "object_repr": "cox-bazar", "action_flag": 2, "change_message": "[{\"changed\": {\"fields\": [\"Expense per person\"]}}]"}}, {"model": "admin.logentry", "pk": 150, "fields": {"action_time": "2023-02-21T18:47:58.264", "user": 1, "content_type": 107, "object_id": "4", "object_repr": "Rangamati", "action_flag": 1, "change_message": "[{\"added\": {}}]"}}, {"model": "admin.logentry", "pk": 151, "fields": {"action_time": "2023-02-21T18:48:52.757", "user": 1, "content_type": 107, "object_id": "4", "object_repr": "Rangamati", "action_flag": 3, "change_message": ""}}, {"model": "admin.logentry", "pk": 152, "fields": {"action_time": "2023-02-21T18:48:52.762", "user": 1, "content_type": 107, "object_id": "3", "object_repr": "cox-bazar", "action_flag": 3, "change_message": ""}}, {"model": "admin.logentry", "pk": 153, "fields": {"action_time": "2023-02-21T18:48:52.767", "user": 1, "content_type": 107, "object_id": "2", "object_repr": "Nilgiri", "action_flag": 3, "change_message": ""}}, {"model": "admin.logentry", "pk": 154, "fields": {"action_time": "2023-02-21T18:51:07.139", "user": 1, "content_type": 107, "object_id": "5", "object_repr": "Bandarban", "action_flag": 1, "change_message": "[{\"added\": {}}]"}}, {"model": "admin.logentry", "pk": 155, "fields": {"action_time": "2023-02-21T20:04:34.050", "user": 1, "content_type": 107, "object_id": "6", "object_repr": "Nilgiri", "action_flag": 1, "change_message": "[{\"added\": {}}]"}}, {"model": "admin.logentry", "pk": 156, "fields": {"action_time": "2023-02-22T12:27:48.192", "user": 1, "content_type": 107, "object_id": "5", "object_repr": "Bandarban", "action_flag": 2, "change_message": "[]"}}, {"model": "admin.logentry", "pk": 157, "fields": {"action_time": "2023-02-22T12:35:46.227", "user": 1, "content_type": 107, "object_id": "6", "object_repr": "Nilgiri", "action_flag": 2, "change_message": "[{\"changed\": {\"fields\": [\"Tour date\"]}}]"}}, {"model": "auth.permission", "pk": 1, "fields": {"name": "Can add log entry", "content_type": 1, "codename": "add_logentry"}}, {"model": "auth.permission", "pk": 2, "fields": {"name": "Can change log entry", "content_type": 1, "codename": "change_logentry"}}, {"model": "auth.permission", "pk": 3, "fields": {"name": "Can delete log entry", "content_type": 1, "codename": "delete_logentry"}}, {"model": "auth.permission", "pk": 4, "fields": {"name": "Can view log entry", "content_type": 1, "codename": "view_logentry"}}, {"model": "auth.permission", "pk": 5, "fields": {"name": "Can add permission", "content_type": 2, "codename": "add_permission"}}, {"model": "auth.permission", "pk": 6, "fields": {"name": "Can change permission", "content_type": 2, "codename": "change_permission"}}, {"model": "auth.permission", "pk": 7, "fields": {"name": "Can delete permission", "content_type": 2, "codename": "delete_permission"}}, {"model": "auth.permission", "pk": 8, "fields": {"name": "Can view permission", "content_type": 2, "codename": "view_permission"}}, {"model": "auth.permission", "pk": 9, "fields": {"name": "Can add group", "content_type": 3, "codename": "add_group"}}, {"model": "auth.permission", "pk": 10, "fields": {"name": "Can change group", "content_type": 3, "codename": "change_group"}}, {"model": "auth.permission", "pk": 11, "fields": {"name": "Can delete group", "content_type": 3, "codename": "delete_group"}}, {"model": "auth.permission", "pk": 12, "fields": {"name": "Can view group", "content_type": 3, "codename": "view_group"}}, {"model": "auth.permission", "pk": 13, "fields": {"name": "Can add user", "content_type": 4, "codename": "add_user"}}, {"model": "auth.permission", "pk": 14, "fields": {"name": "Can change user", "content_type": 4, "codename": "change_user"}}, {"model": "auth.permission", "pk": 15, "fields": {"name": "Can delete user", "content_type": 4, "codename": "delete_user"}}, {"model": "auth.permission", "pk": 16, "fields": {"name": "Can view user", "content_type": 4, "codename": "view_user"}}, {"model": "auth.permission", "pk": 17, "fields": {"name": "Can add content type", "content_type": 5, "codename": "add_contenttype"}}, {"model": "auth.permission", "pk": 18, "fields": {"name": "Can change content type", "content_type": 5, "codename": "change_contenttype"}}, {"model": "auth.permission", "pk": 19, "fields": {"name": "Can delete content type", "content_type": 5, "codename": "delete_contenttype"}}, {"model": "auth.permission", "pk": 20, "fields": {"name": "Can view content type", "content_type": 5, "codename": "view_contenttype"}}, {"model": "auth.permission", "pk": 21, "fields": {"name": "Can add session", "content_type": 6, "codename": "add_session"}}, {"model": "auth.permission", "pk": 22, "fields": {"name": "Can change session", "content_type": 6, "codename": "change_session"}}, {"model": "auth.permission", "pk": 23, "fields": {"name": "Can delete session", "content_type": 6, "codename": "delete_session"}}, {"model": "auth.permission", "pk": 24, "fields": {"name": "Can view session", "content_type": 6, "codename": "view_session"}}, {"model": "auth.permission", "pk": 25, "fields": {"name": "Can add Scheduled task", "content_type": 7, "codename": "add_schedule"}}, {"model": "auth.permission", "pk": 26, "fields": {"name": "Can change Scheduled task", "content_type": 7, "codename": "change_schedule"}}, {"model": "auth.permission", "pk": 27, "fields": {"name": "Can delete Scheduled task", "content_type": 7, "codename": "delete_schedule"}}, {"model": "auth.permission", "pk": 28, "fields": {"name": "Can view Scheduled task", "content_type": 7, "codename": "view_schedule"}}, {"model": "auth.permission", "pk": 29, "fields": {"name": "Can add task", "content_type": 8, "codename": "add_task"}}, {"model": "auth.permission", "pk": 30, "fields": {"name": "Can change task", "content_type": 8, "codename": "change_task"}}, {"model": "auth.permission", "pk": 31, "fields": {"name": "Can delete task", "content_type": 8, "codename": "delete_task"}}, {"model": "auth.permission", "pk": 32, "fields": {"name": "Can view task", "content_type": 8, "codename": "view_task"}}, {"model": "auth.permission", "pk": 33, "fields": {"name": "Can add Failed task", "content_type": 9, "codename": "add_failure"}}, {"model": "auth.permission", "pk": 34, "fields": {"name": "Can change Failed task", "content_type": 9, "codename": "change_failure"}}, {"model": "auth.permission", "pk": 35, "fields": {"name": "Can delete Failed task", "content_type": 9, "codename": "delete_failure"}}, {"model": "auth.permission", "pk": 36, "fields": {"name": "Can view Failed task", "content_type": 9, "codename": "view_failure"}}, {"model": "auth.permission", "pk": 37, "fields": {"name": "Can add Successful task", "content_type": 10, "codename": "add_success"}}, {"model": "auth.permission", "pk": 38, "fields": {"name": "Can change Successful task", "content_type": 10, "codename": "change_success"}}, {"model": "auth.permission", "pk": 39, "fields": {"name": "Can delete Successful task", "content_type": 10, "codename": "delete_success"}}, {"model": "auth.permission", "pk": 40, "fields": {"name": "Can view Successful task", "content_type": 10, "codename": "view_success"}}, {"model": "auth.permission", "pk": 41, "fields": {"name": "Can add Queued task", "content_type": 11, "codename": "add_ormq"}}, {"model": "auth.permission", "pk": 42, "fields": {"name": "Can change Queued task", "content_type": 11, "codename": "change_ormq"}}, {"model": "auth.permission", "pk": 43, "fields": {"name": "Can delete Queued task", "content_type": 11, "codename": "delete_ormq"}}, {"model": "auth.permission", "pk": 44, "fields": {"name": "Can view Queued task", "content_type": 11, "codename": "view_ormq"}}, {"model": "auth.permission", "pk": 45, "fields": {"name": "Can add assessment", "content_type": 12, "codename": "add_assessment"}}, {"model": "auth.permission", "pk": 46, "fields": {"name": "Can change assessment", "content_type": 12, "codename": "change_assessment"}}, {"model": "auth.permission", "pk": 47, "fields": {"name": "Can delete assessment", "content_type": 12, "codename": "delete_assessment"}}, {"model": "auth.permission", "pk": 48, "fields": {"name": "Can view assessment", "content_type": 12, "codename": "view_assessment"}}, {"model": "auth.permission", "pk": 49, "fields": {"name": "Can add candidate", "content_type": 13, "codename": "add_candidate"}}, {"model": "auth.permission", "pk": 50, "fields": {"name": "Can change candidate", "content_type": 13, "codename": "change_candidate"}}, {"model": "auth.permission", "pk": 51, "fields": {"name": "Can delete candidate", "content_type": 13, "codename": "delete_candidate"}}, {"model": "auth.permission", "pk": 52, "fields": {"name": "Can view candidate", "content_type": 13, "codename": "view_candidate"}}, {"model": "auth.permission", "pk": 53, "fields": {"name": "Can add job", "content_type": 14, "codename": "add_job"}}, {"model": "auth.permission", "pk": 54, "fields": {"name": "Can change job", "content_type": 14, "codename": "change_job"}}, {"model": "auth.permission", "pk": 55, "fields": {"name": "Can delete job", "content_type": 14, "codename": "delete_job"}}, {"model": "auth.permission", "pk": 56, "fields": {"name": "Can view job", "content_type": 14, "codename": "view_job"}}, {"model": "auth.permission", "pk": 57, "fields": {"name": "Can add job summery", "content_type": 15, "codename": "add_jobsummery"}}, {"model": "auth.permission", "pk": 58, "fields": {"name": "Can change job summery", "content_type": 15, "codename": "change_jobsummery"}}, {"model": "auth.permission", "pk": 59, "fields": {"name": "Can delete job summery", "content_type": 15, "codename": "delete_jobsummery"}}, {"model": "auth.permission", "pk": 60, "fields": {"name": "Can view job summery", "content_type": 15, "codename": "view_jobsummery"}}, {"model": "auth.permission", "pk": 61, "fields": {"name": "Can add candidate job", "content_type": 16, "codename": "add_candidatejob"}}, {"model": "auth.permission", "pk": 62, "fields": {"name": "Can change candidate job", "content_type": 16, "codename": "change_candidatejob"}}, {"model": "auth.permission", "pk": 63, "fields": {"name": "Can delete candidate job", "content_type": 16, "codename": "delete_candidatejob"}}, {"model": "auth.permission", "pk": 64, "fields": {"name": "Can view candidate job", "content_type": 16, "codename": "view_candidatejob"}}, {"model": "auth.permission", "pk": 65, "fields": {"name": "Can add assessment question", "content_type": 17, "codename": "add_assessmentquestion"}}, {"model": "auth.permission", "pk": 66, "fields": {"name": "Can change assessment question", "content_type": 17, "codename": "change_assessmentquestion"}}, {"model": "auth.permission", "pk": 67, "fields": {"name": "Can delete assessment question", "content_type": 17, "codename": "delete_assessmentquestion"}}, {"model": "auth.permission", "pk": 68, "fields": {"name": "Can view assessment question", "content_type": 17, "codename": "view_assessmentquestion"}}, {"model": "auth.permission", "pk": 69, "fields": {"name": "Can add assessment answer", "content_type": 18, "codename": "add_assessmentanswer"}}, {"model": "auth.permission", "pk": 70, "fields": {"name": "Can change assessment answer", "content_type": 18, "codename": "change_assessmentanswer"}}, {"model": "auth.permission", "pk": 71, "fields": {"name": "Can delete assessment answer", "content_type": 18, "codename": "delete_assessmentanswer"}}, {"model": "auth.permission", "pk": 72, "fields": {"name": "Can view assessment answer", "content_type": 18, "codename": "view_assessmentanswer"}}, {"model": "auth.permission", "pk": 73, "fields": {"name": "Can add reset password", "content_type": 19, "codename": "add_resetpassword"}}, {"model": "auth.permission", "pk": 74, "fields": {"name": "Can change reset password", "content_type": 19, "codename": "change_resetpassword"}}, {"model": "auth.permission", "pk": 75, "fields": {"name": "Can delete reset password", "content_type": 19, "codename": "delete_resetpassword"}}, {"model": "auth.permission", "pk": 76, "fields": {"name": "Can view reset password", "content_type": 19, "codename": "view_resetpassword"}}, {"model": "auth.permission", "pk": 77, "fields": {"name": "Can add job additional field", "content_type": 20, "codename": "add_jobadditionalfield"}}, {"model": "auth.permission", "pk": 78, "fields": {"name": "Can change job additional field", "content_type": 20, "codename": "change_jobadditionalfield"}}, {"model": "auth.permission", "pk": 79, "fields": {"name": "Can delete job additional field", "content_type": 20, "codename": "delete_jobadditionalfield"}}, {"model": "auth.permission", "pk": 80, "fields": {"name": "Can view job additional field", "content_type": 20, "codename": "view_jobadditionalfield"}}, {"model": "auth.permission", "pk": 81, "fields": {"name": "Can add candidate assessment answer", "content_type": 21, "codename": "add_candidateassessmentanswer"}}, {"model": "auth.permission", "pk": 82, "fields": {"name": "Can change candidate assessment answer", "content_type": 21, "codename": "change_candidateassessmentanswer"}}, {"model": "auth.permission", "pk": 83, "fields": {"name": "Can delete candidate assessment answer", "content_type": 21, "codename": "delete_candidateassessmentanswer"}}, {"model": "auth.permission", "pk": 84, "fields": {"name": "Can view candidate assessment answer", "content_type": 21, "codename": "view_candidateassessmentanswer"}}, {"model": "auth.permission", "pk": 85, "fields": {"name": "Can add candidate assessment", "content_type": 22, "codename": "add_candidateassessment"}}, {"model": "auth.permission", "pk": 86, "fields": {"name": "Can change candidate assessment", "content_type": 22, "codename": "change_candidateassessment"}}, {"model": "auth.permission", "pk": 87, "fields": {"name": "Can delete candidate assessment", "content_type": 22, "codename": "delete_candidateassessment"}}, {"model": "auth.permission", "pk": 88, "fields": {"name": "Can view candidate assessment", "content_type": 22, "codename": "view_candidateassessment"}}, {"model": "auth.permission", "pk": 89, "fields": {"name": "Can add job context", "content_type": 23, "codename": "add_jobcontext"}}, {"model": "auth.permission", "pk": 90, "fields": {"name": "Can change job context", "content_type": 23, "codename": "change_jobcontext"}}, {"model": "auth.permission", "pk": 91, "fields": {"name": "Can delete job context", "content_type": 23, "codename": "delete_jobcontext"}}, {"model": "auth.permission", "pk": 92, "fields": {"name": "Can view job context", "content_type": 23, "codename": "view_jobcontext"}}, {"model": "auth.permission", "pk": 93, "fields": {"name": "Can add sms promotion", "content_type": 24, "codename": "add_smspromotion"}}, {"model": "auth.permission", "pk": 94, "fields": {"name": "Can change sms promotion", "content_type": 24, "codename": "change_smspromotion"}}, {"model": "auth.permission", "pk": 95, "fields": {"name": "Can delete sms promotion", "content_type": 24, "codename": "delete_smspromotion"}}, {"model": "auth.permission", "pk": 96, "fields": {"name": "Can view sms promotion", "content_type": 24, "codename": "view_smspromotion"}}, {"model": "auth.permission", "pk": 97, "fields": {"name": "Can add candidate assessment review", "content_type": 25, "codename": "add_candidateassessmentreview"}}, {"model": "auth.permission", "pk": 98, "fields": {"name": "Can change candidate assessment review", "content_type": 25, "codename": "change_candidateassessmentreview"}}, {"model": "auth.permission", "pk": 99, "fields": {"name": "Can delete candidate assessment review", "content_type": 25, "codename": "delete_candidateassessmentreview"}}, {"model": "auth.permission", "pk": 100, "fields": {"name": "Can view candidate assessment review", "content_type": 25, "codename": "view_candidateassessmentreview"}}, {"model": "auth.permission", "pk": 101, "fields": {"name": "Can add pay scale", "content_type": 26, "codename": "add_payscale"}}, {"model": "auth.permission", "pk": 102, "fields": {"name": "Can change pay scale", "content_type": 26, "codename": "change_payscale"}}, {"model": "auth.permission", "pk": 103, "fields": {"name": "Can delete pay scale", "content_type": 26, "codename": "delete_payscale"}}, {"model": "auth.permission", "pk": 104, "fields": {"name": "Can view pay scale", "content_type": 26, "codename": "view_payscale"}}, {"model": "auth.permission", "pk": 105, "fields": {"name": "Can add designation", "content_type": 27, "codename": "add_designation"}}, {"model": "auth.permission", "pk": 106, "fields": {"name": "Can change designation", "content_type": 27, "codename": "change_designation"}}, {"model": "auth.permission", "pk": 107, "fields": {"name": "Can delete designation", "content_type": 27, "codename": "delete_designation"}}, {"model": "auth.permission", "pk": 108, "fields": {"name": "Can view designation", "content_type": 27, "codename": "view_designation"}}, {"model": "auth.permission", "pk": 109, "fields": {"name": "Can add leave management", "content_type": 28, "codename": "add_leavemanagement"}}, {"model": "auth.permission", "pk": 110, "fields": {"name": "Can change leave management", "content_type": 28, "codename": "change_leavemanagement"}}, {"model": "auth.permission", "pk": 111, "fields": {"name": "Can delete leave management", "content_type": 28, "codename": "delete_leavemanagement"}}, {"model": "auth.permission", "pk": 112, "fields": {"name": "Can view leave management", "content_type": 28, "codename": "view_leavemanagement"}}, {"model": "auth.permission", "pk": 113, "fields": {"name": "Can add public holiday", "content_type": 29, "codename": "add_publicholiday"}}, {"model": "auth.permission", "pk": 114, "fields": {"name": "Can change public holiday", "content_type": 29, "codename": "change_publicholiday"}}, {"model": "auth.permission", "pk": 115, "fields": {"name": "Can delete public holiday", "content_type": 29, "codename": "delete_publicholiday"}}, {"model": "auth.permission", "pk": 116, "fields": {"name": "Can view public holiday", "content_type": 29, "codename": "view_publicholiday"}}, {"model": "auth.permission", "pk": 117, "fields": {"name": "Can add public holiday date", "content_type": 30, "codename": "add_publicholidaydate"}}, {"model": "auth.permission", "pk": 118, "fields": {"name": "Can change public holiday date", "content_type": 30, "codename": "change_publicholidaydate"}}, {"model": "auth.permission", "pk": 119, "fields": {"name": "Can delete public holiday date", "content_type": 30, "codename": "delete_publicholidaydate"}}, {"model": "auth.permission", "pk": 120, "fields": {"name": "Can view public holiday date", "content_type": 30, "codename": "view_publicholidaydate"}}, {"model": "auth.permission", "pk": 121, "fields": {"name": "Can add bank", "content_type": 31, "codename": "add_bank"}}, {"model": "auth.permission", "pk": 122, "fields": {"name": "Can change bank", "content_type": 31, "codename": "change_bank"}}, {"model": "auth.permission", "pk": 123, "fields": {"name": "Can delete bank", "content_type": 31, "codename": "delete_bank"}}, {"model": "auth.permission", "pk": 124, "fields": {"name": "Can view bank", "content_type": 31, "codename": "view_bank"}}, {"model": "auth.permission", "pk": 125, "fields": {"name": "Can add letter", "content_type": 32, "codename": "add_letter"}}, {"model": "auth.permission", "pk": 126, "fields": {"name": "Can change letter", "content_type": 32, "codename": "change_letter"}}, {"model": "auth.permission", "pk": 127, "fields": {"name": "Can delete letter", "content_type": 32, "codename": "delete_letter"}}, {"model": "auth.permission", "pk": 128, "fields": {"name": "Can view letter", "content_type": 32, "codename": "view_letter"}}, {"model": "auth.permission", "pk": 129, "fields": {"name": "Can add open letter", "content_type": 33, "codename": "add_openletter"}}, {"model": "auth.permission", "pk": 130, "fields": {"name": "Can change open letter", "content_type": 33, "codename": "change_openletter"}}, {"model": "auth.permission", "pk": 131, "fields": {"name": "Can delete open letter", "content_type": 33, "codename": "delete_openletter"}}, {"model": "auth.permission", "pk": 132, "fields": {"name": "Can view open letter", "content_type": 33, "codename": "view_openletter"}}, {"model": "auth.permission", "pk": 133, "fields": {"name": "Can add financial year", "content_type": 34, "codename": "add_financialyear"}}, {"model": "auth.permission", "pk": 134, "fields": {"name": "Can change financial year", "content_type": 34, "codename": "change_financialyear"}}, {"model": "auth.permission", "pk": 135, "fields": {"name": "Can delete financial year", "content_type": 34, "codename": "delete_financialyear"}}, {"model": "auth.permission", "pk": 136, "fields": {"name": "Can view financial year", "content_type": 34, "codename": "view_financialyear"}}, {"model": "auth.permission", "pk": 137, "fields": {"name": "Can add employee", "content_type": 35, "codename": "add_employee"}}, {"model": "auth.permission", "pk": 138, "fields": {"name": "Can change employee", "content_type": 35, "codename": "change_employee"}}, {"model": "auth.permission", "pk": 139, "fields": {"name": "Can delete employee", "content_type": 35, "codename": "delete_employee"}}, {"model": "auth.permission", "pk": 140, "fields": {"name": "Can view employee", "content_type": 35, "codename": "view_employee"}}, {"model": "auth.permission", "pk": 141, "fields": {"name": "Can add overtime", "content_type": 36, "codename": "add_overtime"}}, {"model": "auth.permission", "pk": 142, "fields": {"name": "Can change overtime", "content_type": 36, "codename": "change_overtime"}}, {"model": "auth.permission", "pk": 143, "fields": {"name": "Can delete overtime", "content_type": 36, "codename": "delete_overtime"}}, {"model": "auth.permission", "pk": 144, "fields": {"name": "Can view overtime", "content_type": 36, "codename": "view_overtime"}}, {"model": "auth.permission", "pk": 145, "fields": {"name": "Can add salary history", "content_type": 37, "codename": "add_salaryhistory"}}, {"model": "auth.permission", "pk": 146, "fields": {"name": "Can change salary history", "content_type": 37, "codename": "change_salaryhistory"}}, {"model": "auth.permission", "pk": 147, "fields": {"name": "Can delete salary history", "content_type": 37, "codename": "delete_salaryhistory"}}, {"model": "auth.permission", "pk": 148, "fields": {"name": "Can view salary history", "content_type": 37, "codename": "view_salaryhistory"}}, {"model": "auth.permission", "pk": 149, "fields": {"name": "Can add leave attachment", "content_type": 38, "codename": "add_leaveattachment"}}, {"model": "auth.permission", "pk": 150, "fields": {"name": "Can change leave attachment", "content_type": 38, "codename": "change_leaveattachment"}}, {"model": "auth.permission", "pk": 151, "fields": {"name": "Can delete leave attachment", "content_type": 38, "codename": "delete_leaveattachment"}}, {"model": "auth.permission", "pk": 152, "fields": {"name": "Can view leave attachment", "content_type": 38, "codename": "view_leaveattachment"}}, {"model": "auth.permission", "pk": 153, "fields": {"name": "Can add leave", "content_type": 39, "codename": "add_leave"}}, {"model": "auth.permission", "pk": 154, "fields": {"name": "Can change leave", "content_type": 39, "codename": "change_leave"}}, {"model": "auth.permission", "pk": 155, "fields": {"name": "Can delete leave", "content_type": 39, "codename": "delete_leave"}}, {"model": "auth.permission", "pk": 156, "fields": {"name": "Can view leave", "content_type": 39, "codename": "view_leave"}}, {"model": "auth.permission", "pk": 157, "fields": {"name": "Can add resignation", "content_type": 40, "codename": "add_resignation"}}, {"model": "auth.permission", "pk": 158, "fields": {"name": "Can change resignation", "content_type": 40, "codename": "change_resignation"}}, {"model": "auth.permission", "pk": 159, "fields": {"name": "Can delete resignation", "content_type": 40, "codename": "delete_resignation"}}, {"model": "auth.permission", "pk": 160, "fields": {"name": "Can view resignation", "content_type": 40, "codename": "view_resignation"}}, {"model": "auth.permission", "pk": 161, "fields": {"name": "Can add attachment", "content_type": 41, "codename": "add_attachment"}}, {"model": "auth.permission", "pk": 162, "fields": {"name": "Can change attachment", "content_type": 41, "codename": "change_attachment"}}, {"model": "auth.permission", "pk": 163, "fields": {"name": "Can delete attachment", "content_type": 41, "codename": "delete_attachment"}}, {"model": "auth.permission", "pk": 164, "fields": {"name": "Can view attachment", "content_type": 41, "codename": "view_attachment"}}, {"model": "auth.permission", "pk": 165, "fields": {"name": "Can add bank account", "content_type": 42, "codename": "add_bankaccount"}}, {"model": "auth.permission", "pk": 166, "fields": {"name": "Can change bank account", "content_type": 42, "codename": "change_bankaccount"}}, {"model": "auth.permission", "pk": 167, "fields": {"name": "Can delete bank account", "content_type": 42, "codename": "delete_bankaccount"}}, {"model": "auth.permission", "pk": 168, "fields": {"name": "Can view bank account", "content_type": 42, "codename": "view_bankaccount"}}, {"model": "auth.permission", "pk": 169, "fields": {"name": "Can add skill", "content_type": 43, "codename": "add_skill"}}, {"model": "auth.permission", "pk": 170, "fields": {"name": "Can change skill", "content_type": 43, "codename": "change_skill"}}, {"model": "auth.permission", "pk": 171, "fields": {"name": "Can delete skill", "content_type": 43, "codename": "delete_skill"}}, {"model": "auth.permission", "pk": 172, "fields": {"name": "Can view skill", "content_type": 43, "codename": "view_skill"}}, {"model": "auth.permission", "pk": 173, "fields": {"name": "Can add employee skill", "content_type": 44, "codename": "add_employeeskill"}}, {"model": "auth.permission", "pk": 174, "fields": {"name": "Can change employee skill", "content_type": 44, "codename": "change_employeeskill"}}, {"model": "auth.permission", "pk": 175, "fields": {"name": "Can delete employee skill", "content_type": 44, "codename": "delete_employeeskill"}}, {"model": "auth.permission", "pk": 176, "fields": {"name": "Can view employee skill", "content_type": 44, "codename": "view_employeeskill"}}, {"model": "auth.permission", "pk": 177, "fields": {"name": "Can add employee social", "content_type": 45, "codename": "add_employeesocial"}}, {"model": "auth.permission", "pk": 178, "fields": {"name": "Can change employee social", "content_type": 45, "codename": "change_employeesocial"}}, {"model": "auth.permission", "pk": 179, "fields": {"name": "Can delete employee social", "content_type": 45, "codename": "delete_employeesocial"}}, {"model": "auth.permission", "pk": 180, "fields": {"name": "Can view employee social", "content_type": 45, "codename": "view_employeesocial"}}, {"model": "auth.permission", "pk": 181, "fields": {"name": "Can add employee content", "content_type": 46, "codename": "add_employeecontent"}}, {"model": "auth.permission", "pk": 182, "fields": {"name": "Can change employee content", "content_type": 46, "codename": "change_employeecontent"}}, {"model": "auth.permission", "pk": 183, "fields": {"name": "Can delete employee content", "content_type": 46, "codename": "delete_employeecontent"}}, {"model": "auth.permission", "pk": 184, "fields": {"name": "Can view employee content", "content_type": 46, "codename": "view_employeecontent"}}, {"model": "auth.permission", "pk": 185, "fields": {"name": "Can add Employee detail", "content_type": 47, "codename": "add_employeelunch"}}, {"model": "auth.permission", "pk": 186, "fields": {"name": "Can change Employee detail", "content_type": 47, "codename": "change_employeelunch"}}, {"model": "auth.permission", "pk": 187, "fields": {"name": "Can delete Employee detail", "content_type": 47, "codename": "delete_employeelunch"}}, {"model": "auth.permission", "pk": 188, "fields": {"name": "Can view Employee detail", "content_type": 47, "codename": "view_employeelunch"}}, {"model": "auth.permission", "pk": 189, "fields": {"name": "Can able to see all lunch", "content_type": 47, "codename": "can_see_all_lunch"}}, {"model": "auth.permission", "pk": 190, "fields": {"name": "Can add employee attendance", "content_type": 48, "codename": "add_employeeattendance"}}, {"model": "auth.permission", "pk": 191, "fields": {"name": "Can change employee attendance", "content_type": 48, "codename": "change_employeeattendance"}}, {"model": "auth.permission", "pk": 192, "fields": {"name": "Can delete employee attendance", "content_type": 48, "codename": "delete_employeeattendance"}}, {"model": "auth.permission", "pk": 193, "fields": {"name": "Can view employee attendance", "content_type": 48, "codename": "view_employeeattendance"}}, {"model": "auth.permission", "pk": 194, "fields": {"name": "Can add employee online", "content_type": 49, "codename": "add_employeeonline"}}, {"model": "auth.permission", "pk": 195, "fields": {"name": "Can change employee online", "content_type": 49, "codename": "change_employeeonline"}}, {"model": "auth.permission", "pk": 196, "fields": {"name": "Can delete employee online", "content_type": 49, "codename": "delete_employeeonline"}}, {"model": "auth.permission", "pk": 197, "fields": {"name": "Can view employee online", "content_type": 49, "codename": "view_employeeonline"}}, {"model": "auth.permission", "pk": 198, "fields": {"name": "Can able to see all break", "content_type": 49, "codename": "can_see_all_break"}}, {"model": "auth.permission", "pk": 199, "fields": {"name": "Can add employee activity", "content_type": 50, "codename": "add_employeeactivity"}}, {"model": "auth.permission", "pk": 200, "fields": {"name": "Can change employee activity", "content_type": 50, "codename": "change_employeeactivity"}}, {"model": "auth.permission", "pk": 201, "fields": {"name": "Can delete employee activity", "content_type": 50, "codename": "delete_employeeactivity"}}, {"model": "auth.permission", "pk": 202, "fields": {"name": "Can view employee activity", "content_type": 50, "codename": "view_employeeactivity"}}, {"model": "auth.permission", "pk": 203, "fields": {"name": "Can add employee project", "content_type": 51, "codename": "add_employeeproject"}}, {"model": "auth.permission", "pk": 204, "fields": {"name": "Can change employee project", "content_type": 51, "codename": "change_employeeproject"}}, {"model": "auth.permission", "pk": 205, "fields": {"name": "Can delete employee project", "content_type": 51, "codename": "delete_employeeproject"}}, {"model": "auth.permission", "pk": 206, "fields": {"name": "Can view employee project", "content_type": 51, "codename": "view_employeeproject"}}, {"model": "auth.permission", "pk": 207, "fields": {"name": "Can add employee feedback", "content_type": 52, "codename": "add_employeefeedback"}}, {"model": "auth.permission", "pk": 208, "fields": {"name": "Can change employee feedback", "content_type": 52, "codename": "change_employeefeedback"}}, {"model": "auth.permission", "pk": 209, "fields": {"name": "Can delete employee feedback", "content_type": 52, "codename": "delete_employeefeedback"}}, {"model": "auth.permission", "pk": 210, "fields": {"name": "Can view employee feedback", "content_type": 52, "codename": "view_employeefeedback"}}, {"model": "auth.permission", "pk": 211, "fields": {"name": "Can able to see emloyee feedback admin", "content_type": 52, "codename": "can_see_employee_feedback_admin"}}, {"model": "auth.permission", "pk": 212, "fields": {"name": "Can add prayer info", "content_type": 53, "codename": "add_prayerinfo"}}, {"model": "auth.permission", "pk": 213, "fields": {"name": "Can change prayer info", "content_type": 53, "codename": "change_prayerinfo"}}, {"model": "auth.permission", "pk": 214, "fields": {"name": "Can delete prayer info", "content_type": 53, "codename": "delete_prayerinfo"}}, {"model": "auth.permission", "pk": 215, "fields": {"name": "Can view prayer info", "content_type": 53, "codename": "view_prayerinfo"}}, {"model": "auth.permission", "pk": 216, "fields": {"name": "Can add client", "content_type": 54, "codename": "add_client"}}, {"model": "auth.permission", "pk": 217, "fields": {"name": "Can change client", "content_type": 54, "codename": "change_client"}}, {"model": "auth.permission", "pk": 218, "fields": {"name": "Can delete client", "content_type": 54, "codename": "delete_client"}}, {"model": "auth.permission", "pk": 219, "fields": {"name": "Can view client", "content_type": 54, "codename": "view_client"}}, {"model": "auth.permission", "pk": 220, "fields": {"name": "Can add project", "content_type": 55, "codename": "add_project"}}, {"model": "auth.permission", "pk": 221, "fields": {"name": "Can change project", "content_type": 55, "codename": "change_project"}}, {"model": "auth.permission", "pk": 222, "fields": {"name": "Can delete project", "content_type": 55, "codename": "delete_project"}}, {"model": "auth.permission", "pk": 223, "fields": {"name": "Can view project", "content_type": 55, "codename": "view_project"}}, {"model": "auth.permission", "pk": 224, "fields": {"name": "Can add project hour", "content_type": 56, "codename": "add_projecthour"}}, {"model": "auth.permission", "pk": 225, "fields": {"name": "Can change project hour", "content_type": 56, "codename": "change_projecthour"}}, {"model": "auth.permission", "pk": 226, "fields": {"name": "Can delete project hour", "content_type": 56, "codename": "delete_projecthour"}}, {"model": "auth.permission", "pk": 227, "fields": {"name": "Can view project hour", "content_type": 56, "codename": "view_projecthour"}}, {"model": "auth.permission", "pk": 228, "fields": {"name": "Can show all hours just like admin", "content_type": 56, "codename": "show_all_hours"}}, {"model": "auth.permission", "pk": 229, "fields": {"name": "Can select Project Hour type", "content_type": 56, "codename": "select_hour_type"}}, {"model": "auth.permission", "pk": 230, "fields": {"name": "Can add employee project hour", "content_type": 57, "codename": "add_employeeprojecthour"}}, {"model": "auth.permission", "pk": 231, "fields": {"name": "Can change employee project hour", "content_type": 57, "codename": "change_employeeprojecthour"}}, {"model": "auth.permission", "pk": 232, "fields": {"name": "Can delete employee project hour", "content_type": 57, "codename": "delete_employeeprojecthour"}}, {"model": "auth.permission", "pk": 233, "fields": {"name": "Can view employee project hour", "content_type": 57, "codename": "view_employeeprojecthour"}}, {"model": "auth.permission", "pk": 234, "fields": {"name": "Can change if inserted recently (3days)", "content_type": 57, "codename": "change_recent_activity"}}, {"model": "auth.permission", "pk": 235, "fields": {"name": "Can see all emploployee project hour", "content_type": 57, "codename": "see_all_employee_hour"}}, {"model": "auth.permission", "pk": 236, "fields": {"name": "Can add duration unit", "content_type": 58, "codename": "add_durationunit"}}, {"model": "auth.permission", "pk": 237, "fields": {"name": "Can change duration unit", "content_type": 58, "codename": "change_durationunit"}}, {"model": "auth.permission", "pk": 238, "fields": {"name": "Can delete duration unit", "content_type": 58, "codename": "delete_durationunit"}}, {"model": "auth.permission", "pk": 239, "fields": {"name": "Can view duration unit", "content_type": 58, "codename": "view_durationunit"}}, {"model": "auth.permission", "pk": 240, "fields": {"name": "Can add project resource", "content_type": 59, "codename": "add_projectresource"}}, {"model": "auth.permission", "pk": 241, "fields": {"name": "Can change project resource", "content_type": 59, "codename": "change_projectresource"}}, {"model": "auth.permission", "pk": 242, "fields": {"name": "Can delete project resource", "content_type": 59, "codename": "delete_projectresource"}}, {"model": "auth.permission", "pk": 243, "fields": {"name": "Can view project resource", "content_type": 59, "codename": "view_projectresource"}}, {"model": "auth.permission", "pk": 244, "fields": {"name": "Can add project resource employee", "content_type": 60, "codename": "add_projectresourceemployee"}}, {"model": "auth.permission", "pk": 245, "fields": {"name": "Can change project resource employee", "content_type": 60, "codename": "change_projectresourceemployee"}}, {"model": "auth.permission", "pk": 246, "fields": {"name": "Can delete project resource employee", "content_type": 60, "codename": "delete_projectresourceemployee"}}, {"model": "auth.permission", "pk": 247, "fields": {"name": "Can view project resource employee", "content_type": 60, "codename": "view_projectresourceemployee"}}, {"model": "auth.permission", "pk": 248, "fields": {"name": "Can add technology", "content_type": 61, "codename": "add_technology"}}, {"model": "auth.permission", "pk": 249, "fields": {"name": "Can change technology", "content_type": 61, "codename": "change_technology"}}, {"model": "auth.permission", "pk": 250, "fields": {"name": "Can delete technology", "content_type": 61, "codename": "delete_technology"}}, {"model": "auth.permission", "pk": 251, "fields": {"name": "Can view technology", "content_type": 61, "codename": "view_technology"}}, {"model": "auth.permission", "pk": 252, "fields": {"name": "Can add project technology", "content_type": 62, "codename": "add_projecttechnology"}}, {"model": "auth.permission", "pk": 253, "fields": {"name": "Can change project technology", "content_type": 62, "codename": "change_projecttechnology"}}, {"model": "auth.permission", "pk": 254, "fields": {"name": "Can delete project technology", "content_type": 62, "codename": "delete_projecttechnology"}}, {"model": "auth.permission", "pk": 255, "fields": {"name": "Can view project technology", "content_type": 62, "codename": "view_projecttechnology"}}, {"model": "auth.permission", "pk": 256, "fields": {"name": "Can add project screenshot", "content_type": 63, "codename": "add_projectscreenshot"}}, {"model": "auth.permission", "pk": 257, "fields": {"name": "Can change project screenshot", "content_type": 63, "codename": "change_projectscreenshot"}}, {"model": "auth.permission", "pk": 258, "fields": {"name": "Can delete project screenshot", "content_type": 63, "codename": "delete_projectscreenshot"}}, {"model": "auth.permission", "pk": 259, "fields": {"name": "Can view project screenshot", "content_type": 63, "codename": "view_projectscreenshot"}}, {"model": "auth.permission", "pk": 260, "fields": {"name": "Can add project content", "content_type": 64, "codename": "add_projectcontent"}}, {"model": "auth.permission", "pk": 261, "fields": {"name": "Can change project content", "content_type": 64, "codename": "change_projectcontent"}}, {"model": "auth.permission", "pk": 262, "fields": {"name": "Can delete project content", "content_type": 64, "codename": "delete_projectcontent"}}, {"model": "auth.permission", "pk": 263, "fields": {"name": "Can view project content", "content_type": 64, "codename": "view_projectcontent"}}, {"model": "auth.permission", "pk": 264, "fields": {"name": "Can add project need", "content_type": 65, "codename": "add_projectneed"}}, {"model": "auth.permission", "pk": 265, "fields": {"name": "Can change project need", "content_type": 65, "codename": "change_projectneed"}}, {"model": "auth.permission", "pk": 266, "fields": {"name": "Can delete project need", "content_type": 65, "codename": "delete_projectneed"}}, {"model": "auth.permission", "pk": 267, "fields": {"name": "Can view project need", "content_type": 65, "codename": "view_projectneed"}}, {"model": "auth.permission", "pk": 268, "fields": {"name": "Can add tag", "content_type": 66, "codename": "add_tag"}}, {"model": "auth.permission", "pk": 269, "fields": {"name": "Can change tag", "content_type": 66, "codename": "change_tag"}}, {"model": "auth.permission", "pk": 270, "fields": {"name": "Can delete tag", "content_type": 66, "codename": "delete_tag"}}, {"model": "auth.permission", "pk": 271, "fields": {"name": "Can view tag", "content_type": 66, "codename": "view_tag"}}, {"model": "auth.permission", "pk": 272, "fields": {"name": "Can add client feedback", "content_type": 67, "codename": "add_clientfeedback"}}, {"model": "auth.permission", "pk": 273, "fields": {"name": "Can change client feedback", "content_type": 67, "codename": "change_clientfeedback"}}, {"model": "auth.permission", "pk": 274, "fields": {"name": "Can delete client feedback", "content_type": 67, "codename": "delete_clientfeedback"}}, {"model": "auth.permission", "pk": 275, "fields": {"name": "Can view client feedback", "content_type": 67, "codename": "view_clientfeedback"}}, {"model": "auth.permission", "pk": 276, "fields": {"name": "Can see Client Feedback admin", "content_type": 67, "codename": "can_see_client_feedback_admin"}}, {"model": "auth.permission", "pk": 277, "fields": {"name": "Can add project token", "content_type": 68, "codename": "add_projecttoken"}}, {"model": "auth.permission", "pk": 278, "fields": {"name": "Can change project token", "content_type": 68, "codename": "change_projecttoken"}}, {"model": "auth.permission", "pk": 279, "fields": {"name": "Can delete project token", "content_type": 68, "codename": "delete_projecttoken"}}, {"model": "auth.permission", "pk": 280, "fields": {"name": "Can view project token", "content_type": 68, "codename": "view_projecttoken"}}, {"model": "auth.permission", "pk": 281, "fields": {"name": "Can add code review", "content_type": 69, "codename": "add_codereview"}}, {"model": "auth.permission", "pk": 282, "fields": {"name": "Can change code review", "content_type": 69, "codename": "change_codereview"}}, {"model": "auth.permission", "pk": 283, "fields": {"name": "Can delete code review", "content_type": 69, "codename": "delete_codereview"}}, {"model": "auth.permission", "pk": 284, "fields": {"name": "Can view code review", "content_type": 69, "codename": "view_codereview"}}, {"model": "auth.permission", "pk": 285, "fields": {"name": "Can add daily project update", "content_type": 70, "codename": "add_dailyprojectupdate"}}, {"model": "auth.permission", "pk": 286, "fields": {"name": "Can change daily project update", "content_type": 70, "codename": "change_dailyprojectupdate"}}, {"model": "auth.permission", "pk": 287, "fields": {"name": "Can delete daily project update", "content_type": 70, "codename": "delete_dailyprojectupdate"}}, {"model": "auth.permission", "pk": 288, "fields": {"name": "Can view daily project update", "content_type": 70, "codename": "view_dailyprojectupdate"}}, {"model": "auth.permission", "pk": 289, "fields": {"name": "Can see all daily update", "content_type": 70, "codename": "see_all_employee_update"}}, {"model": "auth.permission", "pk": 290, "fields": {"name": "Can add salary sheet", "content_type": 71, "codename": "add_salarysheet"}}, {"model": "auth.permission", "pk": 291, "fields": {"name": "Can change salary sheet", "content_type": 71, "codename": "change_salarysheet"}}, {"model": "auth.permission", "pk": 292, "fields": {"name": "Can delete salary sheet", "content_type": 71, "codename": "delete_salarysheet"}}, {"model": "auth.permission", "pk": 293, "fields": {"name": "Can view salary sheet", "content_type": 71, "codename": "view_salarysheet"}}, {"model": "auth.permission", "pk": 294, "fields": {"name": "Can add employee salary", "content_type": 72, "codename": "add_employeesalary"}}, {"model": "auth.permission", "pk": 295, "fields": {"name": "Can change employee salary", "content_type": 72, "codename": "change_employeesalary"}}, {"model": "auth.permission", "pk": 296, "fields": {"name": "Can delete employee salary", "content_type": 72, "codename": "delete_employeesalary"}}, {"model": "auth.permission", "pk": 297, "fields": {"name": "Can view employee salary", "content_type": 72, "codename": "view_employeesalary"}}, {"model": "auth.permission", "pk": 298, "fields": {"name": "Can add expense", "content_type": 73, "codename": "add_expense"}}, {"model": "auth.permission", "pk": 299, "fields": {"name": "Can change expense", "content_type": 73, "codename": "change_expense"}}, {"model": "auth.permission", "pk": 300, "fields": {"name": "Can delete expense", "content_type": 73, "codename": "delete_expense"}}, {"model": "auth.permission", "pk": 301, "fields": {"name": "Can view expense", "content_type": 73, "codename": "view_expense"}}, {"model": "auth.permission", "pk": 302, "fields": {"name": "Can Approve Expense", "content_type": 73, "codename": "can_approve_expense"}}, {"model": "auth.permission", "pk": 303, "fields": {"name": "Can add salary disbursement", "content_type": 74, "codename": "add_salarydisbursement"}}, {"model": "auth.permission", "pk": 304, "fields": {"name": "Can change salary disbursement", "content_type": 74, "codename": "change_salarydisbursement"}}, {"model": "auth.permission", "pk": 305, "fields": {"name": "Can delete salary disbursement", "content_type": 74, "codename": "delete_salarydisbursement"}}, {"model": "auth.permission", "pk": 306, "fields": {"name": "Can view salary disbursement", "content_type": 74, "codename": "view_salarydisbursement"}}, {"model": "auth.permission", "pk": 307, "fields": {"name": "Can add expense category", "content_type": 75, "codename": "add_expensecategory"}}, {"model": "auth.permission", "pk": 308, "fields": {"name": "Can change expense category", "content_type": 75, "codename": "change_expensecategory"}}, {"model": "auth.permission", "pk": 309, "fields": {"name": "Can delete expense category", "content_type": 75, "codename": "delete_expensecategory"}}, {"model": "auth.permission", "pk": 310, "fields": {"name": "Can view expense category", "content_type": 75, "codename": "view_expensecategory"}}, {"model": "auth.permission", "pk": 311, "fields": {"name": "Can add income", "content_type": 76, "codename": "add_income"}}, {"model": "auth.permission", "pk": 312, "fields": {"name": "Can change income", "content_type": 76, "codename": "change_income"}}, {"model": "auth.permission", "pk": 313, "fields": {"name": "Can delete income", "content_type": 76, "codename": "delete_income"}}, {"model": "auth.permission", "pk": 314, "fields": {"name": "Can view income", "content_type": 76, "codename": "view_income"}}, {"model": "auth.permission", "pk": 315, "fields": {"name": "Can add expanse attachment", "content_type": 77, "codename": "add_expanseattachment"}}, {"model": "auth.permission", "pk": 316, "fields": {"name": "Can change expanse attachment", "content_type": 77, "codename": "change_expanseattachment"}}, {"model": "auth.permission", "pk": 317, "fields": {"name": "Can delete expanse attachment", "content_type": 77, "codename": "delete_expanseattachment"}}, {"model": "auth.permission", "pk": 318, "fields": {"name": "Can view expanse attachment", "content_type": 77, "codename": "view_expanseattachment"}}, {"model": "auth.permission", "pk": 319, "fields": {"name": "Can add fund", "content_type": 78, "codename": "add_fund"}}, {"model": "auth.permission", "pk": 320, "fields": {"name": "Can change fund", "content_type": 78, "codename": "change_fund"}}, {"model": "auth.permission", "pk": 321, "fields": {"name": "Can delete fund", "content_type": 78, "codename": "delete_fund"}}, {"model": "auth.permission", "pk": 322, "fields": {"name": "Can view fund", "content_type": 78, "codename": "view_fund"}}, {"model": "auth.permission", "pk": 323, "fields": {"name": "Can add expense group", "content_type": 79, "codename": "add_expensegroup"}}, {"model": "auth.permission", "pk": 324, "fields": {"name": "Can change expense group", "content_type": 79, "codename": "change_expensegroup"}}, {"model": "auth.permission", "pk": 325, "fields": {"name": "Can delete expense group", "content_type": 79, "codename": "delete_expensegroup"}}, {"model": "auth.permission", "pk": 326, "fields": {"name": "Can view expense group", "content_type": 79, "codename": "view_expensegroup"}}, {"model": "auth.permission", "pk": 327, "fields": {"name": "Can add profit share", "content_type": 80, "codename": "add_profitshare"}}, {"model": "auth.permission", "pk": 328, "fields": {"name": "Can change profit share", "content_type": 80, "codename": "change_profitshare"}}, {"model": "auth.permission", "pk": 329, "fields": {"name": "Can delete profit share", "content_type": 80, "codename": "delete_profitshare"}}, {"model": "auth.permission", "pk": 330, "fields": {"name": "Can view profit share", "content_type": 80, "codename": "view_profitshare"}}, {"model": "auth.permission", "pk": 331, "fields": {"name": "Can add loan", "content_type": 81, "codename": "add_loan"}}, {"model": "auth.permission", "pk": 332, "fields": {"name": "Can change loan", "content_type": 81, "codename": "change_loan"}}, {"model": "auth.permission", "pk": 333, "fields": {"name": "Can delete loan", "content_type": 81, "codename": "delete_loan"}}, {"model": "auth.permission", "pk": 334, "fields": {"name": "Can view loan", "content_type": 81, "codename": "view_loan"}}, {"model": "auth.permission", "pk": 335, "fields": {"name": "Can add loan payment", "content_type": 82, "codename": "add_loanpayment"}}, {"model": "auth.permission", "pk": 336, "fields": {"name": "Can change loan payment", "content_type": 82, "codename": "change_loanpayment"}}, {"model": "auth.permission", "pk": 337, "fields": {"name": "Can delete loan payment", "content_type": 82, "codename": "delete_loanpayment"}}, {"model": "auth.permission", "pk": 338, "fields": {"name": "Can view loan payment", "content_type": 82, "codename": "view_loanpayment"}}, {"model": "auth.permission", "pk": 339, "fields": {"name": "Can add loan guarantor", "content_type": 83, "codename": "add_loanguarantor"}}, {"model": "auth.permission", "pk": 340, "fields": {"name": "Can change loan guarantor", "content_type": 83, "codename": "change_loanguarantor"}}, {"model": "auth.permission", "pk": 341, "fields": {"name": "Can delete loan guarantor", "content_type": 83, "codename": "delete_loanguarantor"}}, {"model": "auth.permission", "pk": 342, "fields": {"name": "Can view loan guarantor", "content_type": 83, "codename": "view_loanguarantor"}}, {"model": "auth.permission", "pk": 343, "fields": {"name": "Can add loan attachment", "content_type": 84, "codename": "add_loanattachment"}}, {"model": "auth.permission", "pk": 344, "fields": {"name": "Can change loan attachment", "content_type": 84, "codename": "change_loanattachment"}}, {"model": "auth.permission", "pk": 345, "fields": {"name": "Can delete loan attachment", "content_type": 84, "codename": "delete_loanattachment"}}, {"model": "auth.permission", "pk": 346, "fields": {"name": "Can view loan attachment", "content_type": 84, "codename": "view_loanattachment"}}, {"model": "auth.permission", "pk": 347, "fields": {"name": "Can add invoice", "content_type": 85, "codename": "add_invoice"}}, {"model": "auth.permission", "pk": 348, "fields": {"name": "Can change invoice", "content_type": 85, "codename": "change_invoice"}}, {"model": "auth.permission", "pk": 349, "fields": {"name": "Can delete invoice", "content_type": 85, "codename": "delete_invoice"}}, {"model": "auth.permission", "pk": 350, "fields": {"name": "Can view invoice", "content_type": 85, "codename": "view_invoice"}}, {"model": "auth.permission", "pk": 351, "fields": {"name": "Can add invoice detail", "content_type": 86, "codename": "add_invoicedetail"}}, {"model": "auth.permission", "pk": 352, "fields": {"name": "Can change invoice detail", "content_type": 86, "codename": "change_invoicedetail"}}, {"model": "auth.permission", "pk": 353, "fields": {"name": "Can delete invoice detail", "content_type": 86, "codename": "delete_invoicedetail"}}, {"model": "auth.permission", "pk": 354, "fields": {"name": "Can view invoice detail", "content_type": 86, "codename": "view_invoicedetail"}}, {"model": "auth.permission", "pk": 355, "fields": {"name": "Can add project commission", "content_type": 87, "codename": "add_projectcommission"}}, {"model": "auth.permission", "pk": 356, "fields": {"name": "Can change project commission", "content_type": 87, "codename": "change_projectcommission"}}, {"model": "auth.permission", "pk": 357, "fields": {"name": "Can delete project commission", "content_type": 87, "codename": "delete_projectcommission"}}, {"model": "auth.permission", "pk": 358, "fields": {"name": "Can view project commission", "content_type": 87, "codename": "view_projectcommission"}}, {"model": "auth.permission", "pk": 359, "fields": {"name": "Can add profession", "content_type": 88, "codename": "add_profession"}}, {"model": "auth.permission", "pk": 360, "fields": {"name": "Can change profession", "content_type": 88, "codename": "change_profession"}}, {"model": "auth.permission", "pk": 361, "fields": {"name": "Can delete profession", "content_type": 88, "codename": "delete_profession"}}, {"model": "auth.permission", "pk": 362, "fields": {"name": "Can view profession", "content_type": 88, "codename": "view_profession"}}, {"model": "auth.permission", "pk": 363, "fields": {"name": "Can add contact", "content_type": 89, "codename": "add_contact"}}, {"model": "auth.permission", "pk": 364, "fields": {"name": "Can change contact", "content_type": 89, "codename": "change_contact"}}, {"model": "auth.permission", "pk": 365, "fields": {"name": "Can delete contact", "content_type": 89, "codename": "delete_contact"}}, {"model": "auth.permission", "pk": 366, "fields": {"name": "Can view contact", "content_type": 89, "codename": "view_contact"}}, {"model": "auth.permission", "pk": 367, "fields": {"name": "Can add asset category", "content_type": 90, "codename": "add_assetcategory"}}, {"model": "auth.permission", "pk": 368, "fields": {"name": "Can change asset category", "content_type": 90, "codename": "change_assetcategory"}}, {"model": "auth.permission", "pk": 369, "fields": {"name": "Can delete asset category", "content_type": 90, "codename": "delete_assetcategory"}}, {"model": "auth.permission", "pk": 370, "fields": {"name": "Can view asset category", "content_type": 90, "codename": "view_assetcategory"}}, {"model": "auth.permission", "pk": 371, "fields": {"name": "Can add asset", "content_type": 91, "codename": "add_asset"}}, {"model": "auth.permission", "pk": 372, "fields": {"name": "Can change asset", "content_type": 91, "codename": "change_asset"}}, {"model": "auth.permission", "pk": 373, "fields": {"name": "Can delete asset", "content_type": 91, "codename": "delete_asset"}}, {"model": "auth.permission", "pk": 374, "fields": {"name": "Can view asset", "content_type": 91, "codename": "view_asset"}}, {"model": "auth.permission", "pk": 375, "fields": {"name": "Can add sub asset", "content_type": 92, "codename": "add_subasset"}}, {"model": "auth.permission", "pk": 376, "fields": {"name": "Can change sub asset", "content_type": 92, "codename": "change_subasset"}}, {"model": "auth.permission", "pk": 377, "fields": {"name": "Can delete sub asset", "content_type": 92, "codename": "delete_subasset"}}, {"model": "auth.permission", "pk": 378, "fields": {"name": "Can view sub asset", "content_type": 92, "codename": "view_subasset"}}, {"model": "auth.permission", "pk": 379, "fields": {"name": "Can add product", "content_type": 93, "codename": "add_product"}}, {"model": "auth.permission", "pk": 380, "fields": {"name": "Can change product", "content_type": 93, "codename": "change_product"}}, {"model": "auth.permission", "pk": 381, "fields": {"name": "Can delete product", "content_type": 93, "codename": "delete_product"}}, {"model": "auth.permission", "pk": 382, "fields": {"name": "Can view product", "content_type": 93, "codename": "view_product"}}, {"model": "auth.permission", "pk": 383, "fields": {"name": "Can add unit", "content_type": 94, "codename": "add_unit"}}, {"model": "auth.permission", "pk": 384, "fields": {"name": "Can change unit", "content_type": 94, "codename": "change_unit"}}, {"model": "auth.permission", "pk": 385, "fields": {"name": "Can delete unit", "content_type": 94, "codename": "delete_unit"}}, {"model": "auth.permission", "pk": 386, "fields": {"name": "Can view unit", "content_type": 94, "codename": "view_unit"}}, {"model": "auth.permission", "pk": 387, "fields": {"name": "Can add stock", "content_type": 95, "codename": "add_stock"}}, {"model": "auth.permission", "pk": 388, "fields": {"name": "Can change stock", "content_type": 95, "codename": "change_stock"}}, {"model": "auth.permission", "pk": 389, "fields": {"name": "Can delete stock", "content_type": 95, "codename": "delete_stock"}}, {"model": "auth.permission", "pk": 390, "fields": {"name": "Can view stock", "content_type": 95, "codename": "view_stock"}}, {"model": "auth.permission", "pk": 391, "fields": {"name": "Can add credential category", "content_type": 96, "codename": "add_credentialcategory"}}, {"model": "auth.permission", "pk": 392, "fields": {"name": "Can change credential category", "content_type": 96, "codename": "change_credentialcategory"}}, {"model": "auth.permission", "pk": 393, "fields": {"name": "Can delete credential category", "content_type": 96, "codename": "delete_credentialcategory"}}, {"model": "auth.permission", "pk": 394, "fields": {"name": "Can view credential category", "content_type": 96, "codename": "view_credentialcategory"}}, {"model": "auth.permission", "pk": 395, "fields": {"name": "Can add credential", "content_type": 97, "codename": "add_credential"}}, {"model": "auth.permission", "pk": 396, "fields": {"name": "Can change credential", "content_type": 97, "codename": "change_credential"}}, {"model": "auth.permission", "pk": 397, "fields": {"name": "Can delete credential", "content_type": 97, "codename": "delete_credential"}}, {"model": "auth.permission", "pk": 398, "fields": {"name": "Can view credential", "content_type": 97, "codename": "view_credential"}}, {"model": "auth.permission", "pk": 399, "fields": {"name": "Can able to see all credentials", "content_type": 97, "codename": "access_all_credentials"}}, {"model": "auth.permission", "pk": 400, "fields": {"name": "Can add service", "content_type": 98, "codename": "add_service"}}, {"model": "auth.permission", "pk": 401, "fields": {"name": "Can change service", "content_type": 98, "codename": "change_service"}}, {"model": "auth.permission", "pk": 402, "fields": {"name": "Can delete service", "content_type": 98, "codename": "delete_service"}}, {"model": "auth.permission", "pk": 403, "fields": {"name": "Can view service", "content_type": 98, "codename": "view_service"}}, {"model": "auth.permission", "pk": 404, "fields": {"name": "Can add blog", "content_type": 99, "codename": "add_blog"}}, {"model": "auth.permission", "pk": 405, "fields": {"name": "Can change blog", "content_type": 99, "codename": "change_blog"}}, {"model": "auth.permission", "pk": 406, "fields": {"name": "Can delete blog", "content_type": 99, "codename": "delete_blog"}}, {"model": "auth.permission", "pk": 407, "fields": {"name": "Can view blog", "content_type": 99, "codename": "view_blog"}}, {"model": "auth.permission", "pk": 408, "fields": {"name": "Can add tag", "content_type": 100, "codename": "add_tag"}}, {"model": "auth.permission", "pk": 409, "fields": {"name": "Can change tag", "content_type": 100, "codename": "change_tag"}}, {"model": "auth.permission", "pk": 410, "fields": {"name": "Can delete tag", "content_type": 100, "codename": "delete_tag"}}, {"model": "auth.permission", "pk": 411, "fields": {"name": "Can view tag", "content_type": 100, "codename": "view_tag"}}, {"model": "auth.permission", "pk": 412, "fields": {"name": "Can add category", "content_type": 101, "codename": "add_category"}}, {"model": "auth.permission", "pk": 413, "fields": {"name": "Can change category", "content_type": 101, "codename": "change_category"}}, {"model": "auth.permission", "pk": 414, "fields": {"name": "Can delete category", "content_type": 101, "codename": "delete_category"}}, {"model": "auth.permission", "pk": 415, "fields": {"name": "Can view category", "content_type": 101, "codename": "view_category"}}, {"model": "auth.permission", "pk": 416, "fields": {"name": "Can add blog tag", "content_type": 102, "codename": "add_blogtag"}}, {"model": "auth.permission", "pk": 417, "fields": {"name": "Can change blog tag", "content_type": 102, "codename": "change_blogtag"}}, {"model": "auth.permission", "pk": 418, "fields": {"name": "Can delete blog tag", "content_type": 102, "codename": "delete_blogtag"}}, {"model": "auth.permission", "pk": 419, "fields": {"name": "Can view blog tag", "content_type": 102, "codename": "view_blogtag"}}, {"model": "auth.permission", "pk": 420, "fields": {"name": "Can add blog category", "content_type": 103, "codename": "add_blogcategory"}}, {"model": "auth.permission", "pk": 421, "fields": {"name": "Can change blog category", "content_type": 103, "codename": "change_blogcategory"}}, {"model": "auth.permission", "pk": 422, "fields": {"name": "Can delete blog category", "content_type": 103, "codename": "delete_blogcategory"}}, {"model": "auth.permission", "pk": 423, "fields": {"name": "Can view blog category", "content_type": 103, "codename": "view_blogcategory"}}, {"model": "auth.permission", "pk": 424, "fields": {"name": "Can add account", "content_type": 104, "codename": "add_account"}}, {"model": "auth.permission", "pk": 425, "fields": {"name": "Can change account", "content_type": 104, "codename": "change_account"}}, {"model": "auth.permission", "pk": 426, "fields": {"name": "Can delete account", "content_type": 104, "codename": "delete_account"}}, {"model": "auth.permission", "pk": 427, "fields": {"name": "Can view account", "content_type": 104, "codename": "view_account"}}, {"model": "auth.permission", "pk": 428, "fields": {"name": "Can add monthly entry", "content_type": 105, "codename": "add_monthlyentry"}}, {"model": "auth.permission", "pk": 429, "fields": {"name": "Can change monthly entry", "content_type": 105, "codename": "change_monthlyentry"}}, {"model": "auth.permission", "pk": 430, "fields": {"name": "Can delete monthly entry", "content_type": 105, "codename": "delete_monthlyentry"}}, {"model": "auth.permission", "pk": 431, "fields": {"name": "Can view monthly entry", "content_type": 105, "codename": "view_monthlyentry"}}, {"model": "auth.permission", "pk": 432, "fields": {"name": "Can give code review", "content_type": 69, "codename": "can_give_code_review"}}, {"model": "auth.permission", "pk": 433, "fields": {"name": "Can add code review employee feedback", "content_type": 106, "codename": "add_codereviewemployeefeedback"}}, {"model": "auth.permission", "pk": 434, "fields": {"name": "Can change code review employee feedback", "content_type": 106, "codename": "change_codereviewemployeefeedback"}}, {"model": "auth.permission", "pk": 435, "fields": {"name": "Can delete code review employee feedback", "content_type": 106, "codename": "delete_codereviewemployeefeedback"}}, {"model": "auth.permission", "pk": 436, "fields": {"name": "Can view code review employee feedback", "content_type": 106, "codename": "view_codereviewemployeefeedback"}}, {"model": "auth.permission", "pk": 437, "fields": {"name": "Can add tour allowance", "content_type": 107, "codename": "add_tourallowance"}}, {"model": "auth.permission", "pk": 438, "fields": {"name": "Can change tour allowance", "content_type": 107, "codename": "change_tourallowance"}}, {"model": "auth.permission", "pk": 439, "fields": {"name": "Can delete tour allowance", "content_type": 107, "codename": "delete_tourallowance"}}, {"model": "auth.permission", "pk": 440, "fields": {"name": "Can view tour allowance", "content_type": 107, "codename": "view_tourallowance"}}, {"model": "auth.group", "pk": 1, "fields": {"name": "Employee", "permissions": [355, 140, 202, 193, 186, 153, 154, 284, 285, 286, 287, 289, 288, 233, 223, 431]}}, {"model": "auth.group", "pk": 2, "fields": {"name": "Manager", "permissions": [355, 230, 231, 234, 223, 224, 225, 227]}}, {"model": "auth.user", "pk": 1, "fields": {"password": "pbkdf2_sha256$260000$kjeRZJJwgnsLhql1rUksF5$F5qWmrmdfmS9ZjLjwXtymQzVGwhuXff1sFOpNbAYWVg=", "last_login": "2023-11-21T19:50:18.110", "is_superuser": true, "username": "Boss", "first_name": "Boss", "last_name": "", "email": "fozlerabbi190@gmail.com", "is_staff": true, "is_active": true, "date_joined": "2023-02-13T13:20:43", "groups": [1], "user_permissions": []}}, {"model": "auth.user", "pk": 3, "fields": {"password": "pbkdf2_sha256$260000$HYg1H7w1Irrse8NjRe46Ds$ychpsysTPJ/FpvfobCzrZkiClXQ3404DBwG9tqZ1/uQ=", "last_login": null, "is_superuser": false, "username": "rakib", "first_name": "Rakib", "last_name": "", "email": "rakibdj@mail.com", "is_staff": true, "is_active": true, "date_joined": "2023-02-13T13:24:49", "groups": [1], "user_permissions": []}}, {"model": "auth.user", "pk": 4, "fields": {"password": "pbkdf2_sha256$260000$YJljR8SDvnEaoIjtqghMnY$OSDFQQG72hgqasGm7ZbkCdNNbV8ZGqAVXiH7Wa5R+Sk=", "last_login": null, "is_superuser": false, "username": "Manager1", "first_name": "Ahsanul", "last_name": "", "email": "ahasanul@mail.com", "is_staff": true, "is_active": true, "date_joined": "2023-02-13T13:46:29", "groups": [1], "user_permissions": []}}, {"model": "auth.user", "pk": 5, "fields": {"password": "pbkdf2_sha256$260000$tQexN9c1mfp8qk8gkzd3OV$BwM7CNsFPGjtTPEkt9Bk6QyQjmB06vYIonP9Sr21wEk=", "last_login": "2023-02-16T13:26:36.586", "is_superuser": false, "username": "Manager", "first_name": "Rubayot", "last_name": "", "email": "rubayot@mail.com", "is_staff": true, "is_active": true, "date_joined": "2023-02-13T16:05:27", "groups": [1, 2], "user_permissions": []}}, {"model": "auth.user", "pk": 6, "fields": {"password": "pbkdf2_sha256$260000$92EMlXkKPJDyujzL2qIglP$XVKh+d6c73e7T5Y+Bt4YYIaBBH10C6IkT7N+afI4iCg=", "last_login": "2023-02-13T20:05:29.262", "is_superuser": false, "username": "nabil", "first_name": "Nabil", "last_name": "", "email": "nabil@mail.com", "is_staff": true, "is_active": true, "date_joined": "2023-02-13T19:33:05", "groups": [1], "user_permissions": []}}, {"model": "auth.user", "pk": 7, "fields": {"password": "pbkdf2_sha256$260000$FOgwEyrwX8tsN5MG2Bkn4o$V+BF006ZDF+FAAyHZ4+Zkznxnzw4+QLy8rVIb6z6fJ0=", "last_login": "2023-02-16T13:23:43.924", "is_superuser": false, "username": "Developer", "first_name": "Developer", "last_name": "DJ", "email": "rakibdjj@mail.com", "is_staff": true, "is_active": true, "date_joined": "2023-02-14T18:21:56", "groups": [1], "user_permissions": []}}, {"model": "contenttypes.contenttype", "pk": 1, "fields": {"app_label": "admin", "model": "logentry"}}, {"model": "contenttypes.contenttype", "pk": 2, "fields": {"app_label": "auth", "model": "permission"}}, {"model": "contenttypes.contenttype", "pk": 3, "fields": {"app_label": "auth", "model": "group"}}, {"model": "contenttypes.contenttype", "pk": 4, "fields": {"app_label": "auth", "model": "user"}}, {"model": "contenttypes.contenttype", "pk": 5, "fields": {"app_label": "contenttypes", "model": "contenttype"}}, {"model": "contenttypes.contenttype", "pk": 6, "fields": {"app_label": "sessions", "model": "session"}}, {"model": "contenttypes.contenttype", "pk": 7, "fields": {"app_label": "django_q", "model": "schedule"}}, {"model": "contenttypes.contenttype", "pk": 8, "fields": {"app_label": "django_q", "model": "task"}}, {"model": "contenttypes.contenttype", "pk": 9, "fields": {"app_label": "django_q", "model": "failure"}}, {"model": "contenttypes.contenttype", "pk": 10, "fields": {"app_label": "django_q", "model": "success"}}, {"model": "contenttypes.contenttype", "pk": 11, "fields": {"app_label": "django_q", "model": "ormq"}}, {"model": "contenttypes.contenttype", "pk": 12, "fields": {"app_label": "job_board", "model": "assessment"}}, {"model": "contenttypes.contenttype", "pk": 13, "fields": {"app_label": "job_board", "model": "candidate"}}, {"model": "contenttypes.contenttype", "pk": 14, "fields": {"app_label": "job_board", "model": "job"}}, {"model": "contenttypes.contenttype", "pk": 15, "fields": {"app_label": "job_board", "model": "jobsummery"}}, {"model": "contenttypes.contenttype", "pk": 16, "fields": {"app_label": "job_board", "model": "candidatejob"}}, {"model": "contenttypes.contenttype", "pk": 17, "fields": {"app_label": "job_board", "model": "assessmentquestion"}}, {"model": "contenttypes.contenttype", "pk": 18, "fields": {"app_label": "job_board", "model": "assessmentanswer"}}, {"model": "contenttypes.contenttype", "pk": 19, "fields": {"app_label": "job_board", "model": "resetpassword"}}, {"model": "contenttypes.contenttype", "pk": 20, "fields": {"app_label": "job_board", "model": "jobadditionalfield"}}, {"model": "contenttypes.contenttype", "pk": 21, "fields": {"app_label": "job_board", "model": "candidateassessmentanswer"}}, {"model": "contenttypes.contenttype", "pk": 22, "fields": {"app_label": "job_board", "model": "candidateassessment"}}, {"model": "contenttypes.contenttype", "pk": 23, "fields": {"app_label": "job_board", "model": "jobcontext"}}, {"model": "contenttypes.contenttype", "pk": 24, "fields": {"app_label": "job_board", "model": "smspromotion"}}, {"model": "contenttypes.contenttype", "pk": 25, "fields": {"app_label": "job_board", "model": "candidateassessmentreview"}}, {"model": "contenttypes.contenttype", "pk": 26, "fields": {"app_label": "settings", "model": "payscale"}}, {"model": "contenttypes.contenttype", "pk": 27, "fields": {"app_label": "settings", "model": "designation"}}, {"model": "contenttypes.contenttype", "pk": 28, "fields": {"app_label": "settings", "model": "leavemanagement"}}, {"model": "contenttypes.contenttype", "pk": 29, "fields": {"app_label": "settings", "model": "publicholiday"}}, {"model": "contenttypes.contenttype", "pk": 30, "fields": {"app_label": "settings", "model": "publicholidaydate"}}, {"model": "contenttypes.contenttype", "pk": 31, "fields": {"app_label": "settings", "model": "bank"}}, {"model": "contenttypes.contenttype", "pk": 32, "fields": {"app_label": "settings", "model": "letter"}}, {"model": "contenttypes.contenttype", "pk": 33, "fields": {"app_label": "settings", "model": "openletter"}}, {"model": "contenttypes.contenttype", "pk": 34, "fields": {"app_label": "settings", "model": "financialyear"}}, {"model": "contenttypes.contenttype", "pk": 35, "fields": {"app_label": "employee", "model": "employee"}}, {"model": "contenttypes.contenttype", "pk": 36, "fields": {"app_label": "employee", "model": "overtime"}}, {"model": "contenttypes.contenttype", "pk": 37, "fields": {"app_label": "employee", "model": "salaryhistory"}}, {"model": "contenttypes.contenttype", "pk": 38, "fields": {"app_label": "employee", "model": "leaveattachment"}}, {"model": "contenttypes.contenttype", "pk": 39, "fields": {"app_label": "employee", "model": "leave"}}, {"model": "contenttypes.contenttype", "pk": 40, "fields": {"app_label": "employee", "model": "resignation"}}, {"model": "contenttypes.contenttype", "pk": 41, "fields": {"app_label": "employee", "model": "attachment"}}, {"model": "contenttypes.contenttype", "pk": 42, "fields": {"app_label": "employee", "model": "bankaccount"}}, {"model": "contenttypes.contenttype", "pk": 43, "fields": {"app_label": "employee", "model": "skill"}}, {"model": "contenttypes.contenttype", "pk": 44, "fields": {"app_label": "employee", "model": "employeeskill"}}, {"model": "contenttypes.contenttype", "pk": 45, "fields": {"app_label": "employee", "model": "employeesocial"}}, {"model": "contenttypes.contenttype", "pk": 46, "fields": {"app_label": "employee", "model": "employeecontent"}}, {"model": "contenttypes.contenttype", "pk": 47, "fields": {"app_label": "employee", "model": "employeelunch"}}, {"model": "contenttypes.contenttype", "pk": 48, "fields": {"app_label": "employee", "model": "employeeattendance"}}, {"model": "contenttypes.contenttype", "pk": 49, "fields": {"app_label": "employee", "model": "employeeonline"}}, {"model": "contenttypes.contenttype", "pk": 50, "fields": {"app_label": "employee", "model": "employeeactivity"}}, {"model": "contenttypes.contenttype", "pk": 51, "fields": {"app_label": "employee", "model": "employeeproject"}}, {"model": "contenttypes.contenttype", "pk": 52, "fields": {"app_label": "employee", "model": "employeefeedback"}}, {"model": "contenttypes.contenttype", "pk": 53, "fields": {"app_label": "employee", "model": "prayerinfo"}}, {"model": "contenttypes.contenttype", "pk": 54, "fields": {"app_label": "project_management", "model": "client"}}, {"model": "contenttypes.contenttype", "pk": 55, "fields": {"app_label": "project_management", "model": "project"}}, {"model": "contenttypes.contenttype", "pk": 56, "fields": {"app_label": "project_management", "model": "projecthour"}}, {"model": "contenttypes.contenttype", "pk": 57, "fields": {"app_label": "project_management", "model": "employeeprojecthour"}}, {"model": "contenttypes.contenttype", "pk": 58, "fields": {"app_label": "project_management", "model": "durationunit"}}, {"model": "contenttypes.contenttype", "pk": 59, "fields": {"app_label": "project_management", "model": "projectresource"}}, {"model": "contenttypes.contenttype", "pk": 60, "fields": {"app_label": "project_management", "model": "projectresourceemployee"}}, {"model": "contenttypes.contenttype", "pk": 61, "fields": {"app_label": "project_management", "model": "technology"}}, {"model": "contenttypes.contenttype", "pk": 62, "fields": {"app_label": "project_management", "model": "projecttechnology"}}, {"model": "contenttypes.contenttype", "pk": 63, "fields": {"app_label": "project_management", "model": "projectscreenshot"}}, {"model": "contenttypes.contenttype", "pk": 64, "fields": {"app_label": "project_management", "model": "projectcontent"}}, {"model": "contenttypes.contenttype", "pk": 65, "fields": {"app_label": "project_management", "model": "projectneed"}}, {"model": "contenttypes.contenttype", "pk": 66, "fields": {"app_label": "project_management", "model": "tag"}}, {"model": "contenttypes.contenttype", "pk": 67, "fields": {"app_label": "project_management", "model": "clientfeedback"}}, {"model": "contenttypes.contenttype", "pk": 68, "fields": {"app_label": "project_management", "model": "projecttoken"}}, {"model": "contenttypes.contenttype", "pk": 69, "fields": {"app_label": "project_management", "model": "codereview"}}, {"model": "contenttypes.contenttype", "pk": 70, "fields": {"app_label": "project_management", "model": "dailyprojectupdate"}}, {"model": "contenttypes.contenttype", "pk": 71, "fields": {"app_label": "account", "model": "salarysheet"}}, {"model": "contenttypes.contenttype", "pk": 72, "fields": {"app_label": "account", "model": "employeesalary"}}, {"model": "contenttypes.contenttype", "pk": 73, "fields": {"app_label": "account", "model": "expense"}}, {"model": "contenttypes.contenttype", "pk": 74, "fields": {"app_label": "account", "model": "salarydisbursement"}}, {"model": "contenttypes.contenttype", "pk": 75, "fields": {"app_label": "account", "model": "expensecategory"}}, {"model": "contenttypes.contenttype", "pk": 76, "fields": {"app_label": "account", "model": "income"}}, {"model": "contenttypes.contenttype", "pk": 77, "fields": {"app_label": "account", "model": "expanseattachment"}}, {"model": "contenttypes.contenttype", "pk": 78, "fields": {"app_label": "account", "model": "fund"}}, {"model": "contenttypes.contenttype", "pk": 79, "fields": {"app_label": "account", "model": "expensegroup"}}, {"model": "contenttypes.contenttype", "pk": 80, "fields": {"app_label": "account", "model": "profitshare"}}, {"model": "contenttypes.contenttype", "pk": 81, "fields": {"app_label": "account", "model": "loan"}}, {"model": "contenttypes.contenttype", "pk": 82, "fields": {"app_label": "account", "model": "loanpayment"}}, {"model": "contenttypes.contenttype", "pk": 83, "fields": {"app_label": "account", "model": "loanguarantor"}}, {"model": "contenttypes.contenttype", "pk": 84, "fields": {"app_label": "account", "model": "loanattachment"}}, {"model": "contenttypes.contenttype", "pk": 85, "fields": {"app_label": "account", "model": "invoice"}}, {"model": "contenttypes.contenttype", "pk": 86, "fields": {"app_label": "account", "model": "invoicedetail"}}, {"model": "contenttypes.contenttype", "pk": 87, "fields": {"app_label": "account", "model": "projectcommission"}}, {"model": "contenttypes.contenttype", "pk": 88, "fields": {"app_label": "asset_management", "model": "profession"}}, {"model": "contenttypes.contenttype", "pk": 89, "fields": {"app_label": "asset_management", "model": "contact"}}, {"model": "contenttypes.contenttype", "pk": 90, "fields": {"app_label": "asset_management", "model": "assetcategory"}}, {"model": "contenttypes.contenttype", "pk": 91, "fields": {"app_label": "asset_management", "model": "asset"}}, {"model": "contenttypes.contenttype", "pk": 92, "fields": {"app_label": "asset_management", "model": "subasset"}}, {"model": "contenttypes.contenttype", "pk": 93, "fields": {"app_label": "asset_management", "model": "product"}}, {"model": "contenttypes.contenttype", "pk": 94, "fields": {"app_label": "asset_management", "model": "unit"}}, {"model": "contenttypes.contenttype", "pk": 95, "fields": {"app_label": "asset_management", "model": "stock"}}, {"model": "contenttypes.contenttype", "pk": 96, "fields": {"app_label": "asset_management", "model": "credentialcategory"}}, {"model": "contenttypes.contenttype", "pk": 97, "fields": {"app_label": "asset_management", "model": "credential"}}, {"model": "contenttypes.contenttype", "pk": 98, "fields": {"app_label": "website", "model": "service"}}, {"model": "contenttypes.contenttype", "pk": 99, "fields": {"app_label": "website", "model": "blog"}}, {"model": "contenttypes.contenttype", "pk": 100, "fields": {"app_label": "website", "model": "tag"}}, {"model": "contenttypes.contenttype", "pk": 101, "fields": {"app_label": "website", "model": "category"}}, {"model": "contenttypes.contenttype", "pk": 102, "fields": {"app_label": "website", "model": "blogtag"}}, {"model": "contenttypes.contenttype", "pk": 103, "fields": {"app_label": "website", "model": "blogcategory"}}, {"model": "contenttypes.contenttype", "pk": 104, "fields": {"app_label": "provident_fund", "model": "account"}}, {"model": "contenttypes.contenttype", "pk": 105, "fields": {"app_label": "provident_fund", "model": "monthlyentry"}}, {"model": "contenttypes.contenttype", "pk": 106, "fields": {"app_label": "project_management", "model": "codereviewemployeefeedback"}}, {"model": "contenttypes.contenttype", "pk": 107, "fields": {"app_label": "employee", "model": "tourallowance"}}, {"model": "sessions.session", "pk": "0dfuy6wq4lunwodupqrne0h017rg2tw4", "fields": {"session_data": ".eJxVjMEOwiAQRP-FsyFbuiB49O43kGXZStXQpLQn47_bJj3oYS7z3sxbRVqXEtcmcxyzuqizOv12ifgpdQf5QfU-aZ7qMo9J74o-aNO3Kcvrerh_B4Va2daEKATWeGcAQzI2O3bMnffQC0KX2MkA4AOaIJ6QB4OGKTnbbwFRny_NNjdl:1pSCGS:THh4Wp_GeEbmnNoynsz6SiibVAkLgJ6_sDRsHwVaGgU", "expire_date": "2023-03-01T13:31:40.253"}}, {"model": "sessions.session", "pk": "2vg70q08vzulbfffgczsl9vw89g8sk9q", "fields": {"session_data": ".eJxVjEEOwiAQRe_C2hBmYEJx6d4zkGGgUjU0Ke3KeHdt0oVu_3vvv1Tkba1x62WJU1ZnBer0uyWWR2k7yHdut1nL3NZlSnpX9EG7vs65PC-H-3dQuddvXcA5zIS2kJchkLFkADlYiwA-hWQ8BBnJszgLPAojOiQzOE-2BFLvD6f9NkI:1r5R8s:DFlvSSRMBTilEClIBok3LqQqjoaFiHFYvXU5993CERg", "expire_date": "2023-12-05T19:50:18.115"}}, {"model": "sessions.session", "pk": "5av784r92c46znl9xwxiv6pcg0t9ihvn", "fields": {"session_data": ".eJxVjMEOwiAQRP-FsyFbuiB49O43kGXZStXQpLQn47_bJj3oYS7z3sxbRVqXEtcmcxyzuqizOv12ifgpdQf5QfU-aZ7qMo9J74o-aNO3Kcvrerh_B4Va2daEKATWeGcAQzI2O3bMnffQC0KX2MkA4AOaIJ6QB4OGKTnbbwFRny_NNjdl:1pSYcJ:n4sr8F3QU43daHHnHh9S-aelGfVO30j9Ltnjnbm-plM", "expire_date": "2023-03-02T13:23:43.931"}}, {"model": "sessions.session", "pk": "6lh33ssn52qj8bj9imzkglub8xzo31c5", "fields": {"session_data": ".eJxVjMEOwiAQBf-FsyGwQBc8evcbCLAgVQNJaU_Gf9cmPej1zcx7MR-2tfpt5MXPxM7MsNPvFkN65LYDuod26zz1ti5z5LvCDzr4tVN-Xg7376CGUb-1BnAGXCAHZKKKEqyUCLmAsEZoJRCVpYigIqJGJ0napLKBAtqVaWLvD6WBNi8:1pSCKQ:IPLAVUvLVMm4EQAZe7vg1ZbREOeztjdgEm1fUoVCm-w", "expire_date": "2023-03-01T13:35:46.418"}}, {"model": "sessions.session", "pk": "hx6x9exiwf5fyushx32siymvrwbwfsh2", "fields": {"session_data": ".eJxVjMEOwiAQRP-FsyFbuiB49O43kGXZStXQpLQn47_bJj3oYS7z3sxbRVqXEtcmcxyzuqizOv12ifgpdQf5QfU-aZ7qMo9J74o-aNO3Kcvrerh_B4Va2daEKATWeGcAQzI2O3bMnffQC0KX2MkA4AOaIJ6QB4OGKTnbbwFRny_NNjdl:1pSCLu:kzEG1TBugAgTi8Jbqg7KT1MV2tYSvAgzfljEclNd8KA", "expire_date": "2023-03-01T13:37:18.278"}}, {"model": "sessions.session", "pk": "mdbsik2m5u3q1z2j15kulf7shuy0zs8s", "fields": {"session_data": ".eJxVjMEOwiAQBf-FsyGwQBc8evcbCLAgVQNJaU_Gf9cmPej1zcx7MR-2tfpt5MXPxM7MsNPvFkN65LYDuod26zz1ti5z5LvCDzr4tVN-Xg7376CGUb-1BnAGXCAHZKKKEqyUCLmAsEZoJRCVpYigIqJGJ0napLKBAtqVaWLvD6WBNi8:1pSCWj:ZQPUspI92gclGipK8csmasIUIRBGeFmjE0rWY1M_xRQ", "expire_date": "2023-03-01T13:48:29.611"}}, {"model": "sessions.session", "pk": "nsoee4zn9vpj0zkfkgtj1fpds2tuw9tz", "fields": {"session_data": ".eJxVjEEOwiAQRe_C2hBmYEJx6d4zkGGgUjU0Ke3KeHdt0oVu_3vvv1Tkba1x62WJU1ZnBer0uyWWR2k7yHdut1nL3NZlSnpX9EG7vs65PC-H-3dQuddvXcA5zIS2kJchkLFkADlYiwA-hWQ8BBnJszgLPAojOiQzOE-2BFLvD6f9NkI:1q0jAE:vtb3o6Ugxmn9a0txjZ0k0PWzAWE8vJt8vLDP2L9Q9sA", "expire_date": "2023-06-04T19:31:58.803"}}, {"model": "sessions.session", "pk": "of3e7mpb9y43nsfe5bez5savi95r56uj", "fields": {"session_data": ".eJxVjEEOwiAQRe_C2hBmYEJx6d4zkGGgUjU0Ke3KeHdt0oVu_3vvv1Tkba1x62WJU1ZnBer0uyWWR2k7yHdut1nL3NZlSnpX9EG7vs65PC-H-3dQuddvXcA5zIS2kJchkLFkADlYiwA-hWQ8BBnJszgLPAojOiQzOE-2BFLvD6f9NkI:1pSZ47:Gc-S4r8-eyZFNWGK35HxqZFMhHeKN31Ntziute_Q8mo", "expire_date": "2023-03-02T13:52:27.938"}}, {"model": "sessions.session", "pk": "rja4e0bsoip0a1f5mi1l7t4b0d8rjuv0", "fields": {"session_data": ".eJxVjEEOwiAQRe_C2hBmYEJx6d4zkGGgUjU0Ke3KeHdt0oVu_3vvv1Tkba1x62WJU1ZnBer0uyWWR2k7yHdut1nL3NZlSnpX9EG7vs65PC-H-3dQuddvXcA5zIS2kJchkLFkADlYiwA-hWQ8BBnJszgLPAojOiQzOE-2BFLvD6f9NkI:1pSCCL:RhjdVWC60a3cWscqZPg2LXv-ImRpILG8KbPfucSdSzo", "expire_date": "2023-03-01T13:27:25.009"}}, {"model": "sessions.session", "pk": "s965i3i4ft0f9y9jydg5kw5d4ytxhpda", "fields": {"session_data": ".eJxVjEEOwiAQRe_C2hBmYEJx6d4zkGGgUjU0Ke3KeHdt0oVu_3vvv1Tkba1x62WJU1ZnBer0uyWWR2k7yHdut1nL3NZlSnpX9EG7vs65PC-H-3dQuddvXcA5zIS2kJchkLFkADlYiwA-hWQ8BBnJszgLPAojOiQzOE-2BFLvD6f9NkI:1pSCIw:ZDbG9Hva4MZvNY7yFQAAcVHYruF-lsm8v3rktG4v0dw", "expire_date": "2023-03-01T13:34:14.855"}}, {"model": "sessions.session", "pk": "t6vq7ahx4rmprlle2bbj4gldfczwk6ej", "fields": {"session_data": ".eJxVjMEOwiAQBf-FsyGwQBc8evcbCLAgVQNJaU_Gf9cmPej1zcx7MR-2tfpt5MXPxM7MsNPvFkN65LYDuod26zz1ti5z5LvCDzr4tVN-Xg7376CGUb-1BnAGXCAHZKKKEqyUCLmAsEZoJRCVpYigIqJGJ0napLKBAtqVaWLvD6WBNi8:1pSCHQ:7EH_FILvnVeQXZOSh62tnc8pKA2D7asLIfv2F5U2tvM", "expire_date": "2023-03-01T13:32:40.319"}}, {"model": "sessions.session", "pk": "xcsgjnfbbc1r166rezjihkjl37q09rbi", "fields": {"session_data": ".eJxVjMEOwiAQBf-FsyGwQBc8evcbCLAgVQNJaU_Gf9cmPej1zcx7MR-2tfpt5MXPxM7MsNPvFkN65LYDuod26zz1ti5z5LvCDzr4tVN-Xg7376CGUb-1BnAGXCAHZKKKEqyUCLmAsEZoJRCVpYigIqJGJ0napLKBAtqVaWLvD6WBNi8:1pSYf6:KX39bpqvab43f4bBQgcqrXP-cIdoWM01B7DFs8rtQE8", "expire_date": "2023-03-02T13:26:36.593"}}, {"model": "sessions.session", "pk": "y96ppi4ziqutfvexct5st2y0zqzny60v", "fields": {"session_data": ".eJxVjEEOwiAQRe_C2hBmYEJx6d4zkGGgUjU0Ke3KeHdt0oVu_3vvv1Tkba1x62WJU1ZnBer0uyWWR2k7yHdut1nL3NZlSnpX9EG7vs65PC-H-3dQuddvXcA5zIS2kJchkLFkADlYiwA-hWQ8BBnJszgLPAojOiQzOE-2BFLvD6f9NkI:1pSYgc:atzMJszPEIRb934QnQ9I9pByd69DK8BCv7syMIwA_10", "expire_date": "2023-03-02T13:28:10.939"}}, {"model": "settings.designation", "pk": 1, "fields": {"created_by": 1, "created_at": "2023-02-13T13:26:30.745", "updated_at": "2023-02-13T13:26:30.745", "title": "JSE", "description": "Junior Software Engineer"}}, {"model": "settings.payscale", "pk": 1, "fields": {"created_by": 1, "created_at": "2023-02-13T13:28:40.842", "updated_at": "2023-02-13T13:28:40.842", "title": "JSE Payscale", "basic": 55.0, "travel_allowance": 15.0, "house_allowance": 20.0, "medical_allowance": 10.0, "net_payable": 0.0, "provision_period": 3, "increment_period": 6, "increment_rate": 20.0, "leave_in_cash_medical": 35.0, "leave_in_cash_casual": 150.0}}, {"model": "settings.payscale", "pk": 2, "fields": {"created_by": 1, "created_at": "2023-02-13T13:33:15.848", "updated_at": "2023-02-13T13:33:15.848", "title": "Default Leave config", "basic": 55.0, "travel_allowance": 15.0, "house_allowance": 20.0, "medical_allowance": 10.0, "net_payable": 0.0, "provision_period": 3, "increment_period": 6, "increment_rate": 20.0, "leave_in_cash_medical": 35.0, "leave_in_cash_casual": 150.0}}, {"model": "settings.leavemanagement", "pk": 1, "fields": {"created_by": 1, "created_at": "2023-02-13T13:26:46.524", "updated_at": "2023-02-13T13:26:46.524", "title": "Default Leave config", "casual_leave": 13, "medical_leave": 8}}, {"model": "settings.bank", "pk": 1, "fields": {"created_by": 1, "created_at": "2023-02-13T13:30:01.091", "updated_at": "2023-02-13T13:30:01.091", "name": "DBBL", "address": "Dutch Bangla Bank LTD.", "default": false}}, {"model": "employee.employee", "pk": 1, "fields": {"created_by": 1, "created_at": "2023-02-13T13:30:10.492", "updated_at": "2023-02-13T13:30:10.492", "user": 3, "image": "", "full_name": "Rakib", "slug": "rakib-rakibdj@mail.com", "date_of_birth": "1995-12-07", "blood_group": null, "email": "rakibdj@mail.com", "address": "Random Address", "phone": "017852369548", "joining_date": "2022-10-01", "national_id_no": "41564156121165456", "permanent_date": "2022-12-01", "designation": 1, "leave_management": 1, "pay_scale": 1, "tax_info": null, "manager": false, "active": true, "show_in_web": true, "lunch_allowance": true, "project_eligibility": true, "leave_in_cash_eligibility": true, "show_in_attendance_list": true, "pf_eligibility": true, "list_order": 100, "birthday_image": "", "birthday_image_shown": false}}, {"model": "employee.employee", "pk": 2, "fields": {"created_by": 1, "created_at": "2023-02-13T13:35:08.077", "updated_at": "2023-02-13T13:35:08.077", "user": 1, "image": "", "full_name": "Fozle", "slug": "fozle-fozlerabbi190@gmail.com", "date_of_birth": "1995-11-09", "blood_group": "o+", "email": "fozlerabbi190@gmail.com", "address": "Address", "phone": "01572576465", "joining_date": "2023-01-01", "national_id_no": "415641561211654514", "permanent_date": null, "designation": 1, "leave_management": 1, "pay_scale": 2, "tax_info": null, "manager": false, "active": true, "show_in_web": true, "lunch_allowance": true, "project_eligibility": true, "leave_in_cash_eligibility": true, "show_in_attendance_list": true, "pf_eligibility": true, "list_order": 100, "birthday_image": "", "birthday_image_shown": false}}, {"model": "employee.employee", "pk": 4, "fields": {"created_by": 1, "created_at": "2023-02-13T16:09:50.248", "updated_at": "2023-02-21T17:37:49.087", "user": 5, "image": "", "full_name": "Rubayot", "slug": "rubayot-rubayot@mail.com", "date_of_birth": null, "blood_group": null, "email": "rubayot@mail.com", "address": "Address", "phone": "01700000000", "joining_date": "2022-07-13", "national_id_no": null, "permanent_date": null, "designation": 1, "leave_management": 1, "pay_scale": 1, "tax_info": null, "manager": true, "active": true, "show_in_web": true, "lunch_allowance": true, "project_eligibility": true, "leave_in_cash_eligibility": true, "show_in_attendance_list": true, "pf_eligibility": true, "list_order": 100, "birthday_image": "", "birthday_image_shown": false}}, {"model": "employee.employee", "pk": 5, "fields": {"created_by": 1, "created_at": "2023-02-13T19:36:17.043", "updated_at": "2023-02-13T19:36:17.043", "user": 6, "image": "", "full_name": "Nabil", "slug": "nabil-nabil@mail.com", "date_of_birth": null, "blood_group": null, "email": "nabil@mail.com", "address": "Address", "phone": "01572576465", "joining_date": "2023-02-13", "national_id_no": null, "permanent_date": null, "designation": 1, "leave_management": 1, "pay_scale": 1, "tax_info": null, "manager": false, "active": true, "show_in_web": true, "lunch_allowance": true, "project_eligibility": false, "leave_in_cash_eligibility": true, "show_in_attendance_list": true, "pf_eligibility": true, "list_order": 100, "birthday_image": "", "birthday_image_shown": false}}, {"model": "employee.employee", "pk": 6, "fields": {"created_by": 1, "created_at": "2023-02-13T20:43:44.242", "updated_at": "2023-02-21T17:47:04.564", "user": 4, "image": "", "full_name": "Ahsanul", "slug": "ahsanul-ahasanul@mail.com", "date_of_birth": null, "blood_group": null, "email": "ahasanul@mail.com", "address": "Address", "phone": "017852369548", "joining_date": "2023-02-21", "national_id_no": null, "permanent_date": null, "designation": 1, "leave_management": 1, "pay_scale": 1, "tax_info": null, "manager": true, "active": true, "show_in_web": true, "lunch_allowance": true, "project_eligibility": true, "leave_in_cash_eligibility": true, "show_in_attendance_list": true, "pf_eligibility": true, "list_order": 100, "birthday_image": "", "birthday_image_shown": false}}, {"model": "employee.employee", "pk": 7, "fields": {"created_by": 1, "created_at": "2023-02-14T18:23:37.713", "updated_at": "2023-02-14T18:23:37.713", "user": 7, "image": "", "full_name": "Rakib DJ", "slug": "rakib-dj-rakibdjj@mail.com", "date_of_birth": null, "blood_group": null, "email": "rakibdjj@mail.com", "address": "Address", "phone": "01700000000", "joining_date": "2021-02-14", "national_id_no": null, "permanent_date": null, "designation": 1, "leave_management": 1, "pay_scale": 1, "tax_info": null, "manager": false, "active": true, "show_in_web": true, "lunch_allowance": true, "project_eligibility": true, "leave_in_cash_eligibility": true, "show_in_attendance_list": true, "pf_eligibility": true, "list_order": 100, "birthday_image": "", "birthday_image_shown": false}}, {"model": "employee.employeelunch", "pk": 1, "fields": {"created_at": "2023-02-13T13:30:10.496", "updated_at": "2023-02-13T13:30:10.496", "employee": 1, "active": true}}, {"model": "employee.employeelunch", "pk": 2, "fields": {"created_at": "2023-02-13T13:35:08.080", "updated_at": "2023-02-13T13:35:08.080", "employee": 2, "active": true}}, {"model": "employee.employeelunch", "pk": 3, "fields": {"created_at": "2023-02-13T16:09:50.251", "updated_at": "2023-02-21T17:37:49.089", "employee": 4, "active": true}}, {"model": "employee.employeelunch", "pk": 4, "fields": {"created_at": "2023-02-13T19:36:17.046", "updated_at": "2023-02-13T19:36:17.046", "employee": 5, "active": true}}, {"model": "employee.employeelunch", "pk": 5, "fields": {"created_at": "2023-02-13T20:43:44.248", "updated_at": "2023-02-21T17:47:04.568", "employee": 6, "active": true}}, {"model": "employee.employeelunch", "pk": 6, "fields": {"created_at": "2023-02-14T18:23:37.719", "updated_at": "2023-02-14T18:23:37.719", "employee": 7, "active": true}}, {"model": "employee.salaryhistory", "pk": 1, "fields": {"created_by": 1, "created_at": "2023-02-13T13:30:10.505", "updated_at": "2023-02-13T13:30:10.505", "payable_salary": 20000.0, "active_from": "2022-12-01", "note": "", "employee": 1}}, {"model": "employee.salaryhistory", "pk": 2, "fields": {"created_by": 1, "created_at": "2023-02-13T13:35:08.089", "updated_at": "2023-02-13T13:35:08.089", "payable_salary": 10000.0, "active_from": "2023-02-13", "note": "", "employee": 2}}, {"model": "employee.salaryhistory", "pk": 3, "fields": {"created_by": 1, "created_at": "2023-02-13T16:09:50.257", "updated_at": "2023-02-13T16:09:50.257", "payable_salary": 10000.0, "active_from": "2023-02-05", "note": "", "employee": 4}}, {"model": "employee.salaryhistory", "pk": 4, "fields": {"created_by": 1, "created_at": "2023-02-13T19:36:17.053", "updated_at": "2023-02-13T19:36:17.053", "payable_salary": 1000.0, "active_from": "2023-02-13", "note": "", "employee": 5}}, {"model": "employee.salaryhistory", "pk": 5, "fields": {"created_by": 1, "created_at": "2023-02-13T20:43:44.254", "updated_at": "2023-02-13T20:43:44.254", "payable_salary": 100000.0, "active_from": "2023-02-13", "note": "", "employee": 6}}, {"model": "employee.salaryhistory", "pk": 6, "fields": {"created_by": 1, "created_at": "2023-02-14T18:23:37.727", "updated_at": "2023-02-14T18:23:37.727", "payable_salary": 10000.0, "active_from": "2023-02-14", "note": "", "employee": 7}}, {"model": "employee.bankaccount", "pk": 1, "fields": {"employee": 1, "bank": 1, "account_number": "12515632569", "default": true}}, {"model": "employee.bankaccount", "pk": 2, "fields": {"employee": 2, "bank": 1, "account_number": "1251512028", "default": true}}, {"model": "employee.bankaccount", "pk": 3, "fields": {"employee": 4, "bank": 1, "account_number": "123215322135", "default": true}}, {"model": "employee.bankaccount", "pk": 4, "fields": {"employee": 5, "bank": 1, "account_number": "123456789", "default": true}}, {"model": "employee.bankaccount", "pk": 5, "fields": {"employee": 6, "bank": 1, "account_number": "123123212321", "default": true}}, {"model": "employee.bankaccount", "pk": 6, "fields": {"employee": 7, "bank": 1, "account_number": "123123123", "default": true}}, {"model": "employee.skill", "pk": 1, "fields": {"created_by": 1, "created_at": "2023-02-13T13:29:02.122", "updated_at": "2023-02-13T13:29:02.122", "title": "Django", "note": "Python Django"}}, {"model": "employee.employeeskill", "pk": 1, "fields": {"created_by": 1, "created_at": "2023-02-13T13:30:10.504", "updated_at": "2023-02-13T13:30:10.504", "employee": 1, "skill": 1, "percentage": 90.0}}, {"model": "employee.employeeskill", "pk": 2, "fields": {"created_by": 1, "created_at": "2023-02-13T13:35:08.088", "updated_at": "2023-02-13T13:35:08.088", "employee": 2, "skill": 1, "percentage": 90.0}}, {"model": "employee.employeeskill", "pk": 3, "fields": {"created_by": 1, "created_at": "2023-02-13T16:09:50.257", "updated_at": "2023-02-13T16:09:50.257", "employee": 4, "skill": 1, "percentage": 90.0}}, {"model": "employee.employeeskill", "pk": 4, "fields": {"created_by": 1, "created_at": "2023-02-13T19:36:17.052", "updated_at": "2023-02-13T19:36:17.052", "employee": 5, "skill": 1, "percentage": 10.0}}, {"model": "employee.employeeskill", "pk": 5, "fields": {"created_by": 1, "created_at": "2023-02-13T20:43:44.254", "updated_at": "2023-02-13T20:43:44.254", "employee": 6, "skill": 1, "percentage": 90.0}}, {"model": "employee.employeeskill", "pk": 6, "fields": {"created_by": 1, "created_at": "2023-02-14T18:23:37.727", "updated_at": "2023-02-14T18:23:37.727", "employee": 7, "skill": 1, "percentage": 99.0}}, {"model": "employee.employeeonline", "pk": 1, "fields": {"created_by": 1, "created_at": "2023-02-13T13:30:10.498", "updated_at": "2023-02-13T13:30:10.498", "employee": 1, "active": false}}, {"model": "employee.employeeonline", "pk": 2, "fields": {"created_by": 1, "created_at": "2023-02-13T13:35:08.081", "updated_at": "2023-02-13T13:35:08.081", "employee": 2, "active": false}}, {"model": "employee.employeeonline", "pk": 3, "fields": {"created_by": 1, "created_at": "2023-02-13T16:09:50.252", "updated_at": "2023-02-13T20:01:40.437", "employee": 4, "active": false}}, {"model": "employee.employeeonline", "pk": 4, "fields": {"created_by": 1, "created_at": "2023-02-13T19:36:17.047", "updated_at": "2023-02-13T19:36:17.047", "employee": 5, "active": false}}, {"model": "employee.employeeonline", "pk": 5, "fields": {"created_by": 1, "created_at": "2023-02-13T20:43:44.250", "updated_at": "2023-02-13T20:43:44.250", "employee": 6, "active": false}}, {"model": "employee.employeeonline", "pk": 6, "fields": {"created_by": 1, "created_at": "2023-02-14T18:23:37.721", "updated_at": "2023-02-14T18:23:37.721", "employee": 7, "active": false}}, {"model": "employee.employeeattendance", "pk": 1, "fields": {"created_by": 1, "created_at": "2023-02-13T13:30:10.500", "updated_at": "2023-02-13T13:30:10.500", "employee": 1, "date": "2023-02-13", "entry_time": "13:30:10.500", "exit_time": null}}, {"model": "employee.employeeattendance", "pk": 2, "fields": {"created_by": 1, "created_at": "2023-02-13T13:35:08.083", "updated_at": "2023-02-13T13:35:08.083", "employee": 2, "date": "2023-02-13", "entry_time": "13:35:08.083", "exit_time": null}}, {"model": "employee.employeeattendance", "pk": 3, "fields": {"created_by": 1, "created_at": "2023-02-13T16:09:50.254", "updated_at": "2023-02-13T16:09:50.254", "employee": 4, "date": "2023-02-13", "entry_time": "16:09:50.254", "exit_time": null}}, {"model": "employee.employeeattendance", "pk": 4, "fields": {"created_by": 1, "created_at": "2023-02-13T19:36:17.049", "updated_at": "2023-02-13T19:36:17.049", "employee": 5, "date": "2023-02-13", "entry_time": "19:36:17.048", "exit_time": null}}, {"model": "employee.employeeattendance", "pk": 5, "fields": {"created_by": 1, "created_at": "2023-02-13T20:43:44.251", "updated_at": "2023-02-13T20:43:44.251", "employee": 6, "date": "2023-02-13", "entry_time": "20:43:44.251", "exit_time": null}}, {"model": "employee.employeeattendance", "pk": 6, "fields": {"created_by": 1, "created_at": "2023-02-14T18:23:37.724", "updated_at": "2023-02-14T18:23:37.724", "employee": 7, "date": "2023-02-14", "entry_time": "18:23:37.723", "exit_time": null}}, {"model": "employee.employeeactivity", "pk": 1, "fields": {"created_by": 1, "created_at": "2023-02-13T13:56:39.698", "updated_at": "2023-02-13T13:56:39.698", "employee_attendance": 1, "start_time": "2023-02-01T13:56:37", "end_time": null, "updated_by": 1, "is_updated_by_bot": false}}, {"model": "employee.employeeactivity", "pk": 2, "fields": {"created_by": 5, "created_at": "2023-02-13T20:01:37.188", "updated_at": "2023-02-13T20:01:37.188", "employee_attendance": 3, "start_time": "2023-02-13T20:01:37.187", "end_time": "2023-02-13T20:01:40.448", "updated_by": 5, "is_updated_by_bot": false}}, {"model": "employee.employeeproject", "pk": 1, "fields": {"created_by": 1, "created_at": "2023-02-13T13:30:10.503", "updated_at": "2023-02-13T13:30:10.503", "employee": 1, "project": []}}, {"model": "employee.employeeproject", "pk": 2, "fields": {"created_by": 1, "created_at": "2023-02-13T13:35:08.086", "updated_at": "2023-02-13T13:35:08.086", "employee": 2, "project": []}}, {"model": "employee.employeeproject", "pk": 3, "fields": {"created_by": 1, "created_at": "2023-02-13T16:09:50.256", "updated_at": "2023-02-21T17:37:49.091", "employee": 4, "project": []}}, {"model": "employee.employeeproject", "pk": 4, "fields": {"created_by": 1, "created_at": "2023-02-13T19:36:17.052", "updated_at": "2023-02-13T19:36:17.052", "employee": 5, "project": []}}, {"model": "employee.employeeproject", "pk": 5, "fields": {"created_by": 1, "created_at": "2023-02-13T20:43:44.253", "updated_at": "2023-02-21T17:47:04.570", "employee": 6, "project": []}}, {"model": "employee.employeeproject", "pk": 6, "fields": {"created_by": 1, "created_at": "2023-02-14T18:23:37.726", "updated_at": "2023-02-14T18:23:37.726", "employee": 7, "project": []}}, {"model": "employee.tourallowance", "pk": 5, "fields": {"created_by": 1, "created_at": "2023-02-21T18:51:07.131", "updated_at": "2023-02-22T12:27:48.187", "title": "Bandarban", "expense_per_person": 7500, "tour_date": "2023-02-22", "employees": [1, 2, 4]}}, {"model": "employee.tourallowance", "pk": 6, "fields": {"created_by": 1, "created_at": "2023-02-21T20:04:34.048", "updated_at": "2023-02-22T12:35:46.222", "title": "Nilgiri", "expense_per_person": 500, "tour_date": "2022-02-22", "employees": [1, 2, 4, 5, 6]}}, {"model": "project_management.technology", "pk": 1, "fields": {"created_by": 1, "created_at": "2023-02-13T13:42:55.942", "updated_at": "2023-02-13T13:42:55.942", "icon": "1675772929275.JPEG", "name": "Python Django"}}, {"model": "project_management.tag", "pk": 1, "fields": {"created_by": 1, "created_at": "2023-02-13T13:41:50.316", "updated_at": "2023-02-13T13:41:50.316", "icon": "", "name": "Run"}}, {"model": "project_management.tag", "pk": 2, "fields": {"created_by": 1, "created_at": "2023-02-14T13:16:05.533", "updated_at": "2023-02-14T13:16:05.533", "icon": "", "name": "GANAa"}}, {"model": "project_management.client", "pk": 1, "fields": {"created_by": 1, "created_at": "2023-02-13T13:52:01.676", "updated_at": "2023-02-13T13:52:01.676", "name": "John", "email": "John@gmail.com", "address": "USA", "country": "USA", "logo": "", "show_in_web": false}}, {"model": "project_management.client", "pk": 2, "fields": {"created_by": 1, "created_at": "2023-02-13T20:45:15.042", "updated_at": "2023-02-13T20:45:15.042", "name": "andraw", "email": "andraw@mail.com", "address": "", "country": "UK", "logo": "", "show_in_web": false}}, {"model": "project_management.project", "pk": 1, "fields": {"created_by": 1, "created_at": "2023-02-13T13:42:58.882", "updated_at": "2023-02-13T13:42:58.882", "title": "NIservices", "slug": null, "description": "Adding checkout page", "client": null, "active": true, "in_active_at": "2023-01-16", "thumbnail": "", "video_url": null, "show_in_website": false, "on_boarded_by": null, "tags": [1]}}, {"model": "project_management.project", "pk": 2, "fields": {"created_by": 1, "created_at": "2023-02-14T13:16:18.793", "updated_at": "2023-02-14T13:16:18.793", "title": "gana", "slug": null, "description": "Website", "client": 2, "active": true, "in_active_at": null, "thumbnail": "", "video_url": null, "show_in_website": false, "on_boarded_by": null, "tags": [2]}}, {"model": "project_management.projecttechnology", "pk": 1, "fields": {"created_by": 1, "created_at": "2023-02-13T13:42:58.885", "updated_at": "2023-02-13T13:42:58.885", "project": 1, "title": "Django", "technologies": [1]}}, {"model": "project_management.projecttechnology", "pk": 2, "fields": {"created_by": 1, "created_at": "2023-02-14T13:16:18.797", "updated_at": "2023-02-14T13:16:18.797", "project": 2, "title": "Dajngo", "technologies": [1]}}, {"model": "project_management.projecthour", "pk": 1, "fields": {"created_by": 5, "created_at": "2023-02-14T13:10:13.030", "updated_at": "2023-02-14T13:10:13.030", "manager": 4, "hour_type": "project", "project": 1, "date": "2023-02-14", "hours": 26.0, "description": "", "forcast": "increase", "payable": true}}, {"model": "project_management.projecthour", "pk": 2, "fields": {"created_by": 5, "created_at": "2023-02-14T18:59:31.117", "updated_at": "2023-02-14T19:00:00.795", "manager": 4, "hour_type": "project", "project": 1, "date": "2023-02-14", "hours": 26.0, "description": "", "forcast": "increase", "payable": true}}, {"model": "project_management.employeeprojecthour", "pk": 1, "fields": {"created_by": 5, "created_at": "2023-02-14T13:10:13.031", "updated_at": "2023-02-14T13:10:13.031", "project_hour": 1, "hours": 10.0, "employee": 1}}, {"model": "project_management.employeeprojecthour", "pk": 2, "fields": {"created_by": 5, "created_at": "2023-02-14T13:10:21.828", "updated_at": "2023-02-14T13:10:21.828", "project_hour": 1, "hours": 100.0, "employee": 4}}, {"model": "project_management.employeeprojecthour", "pk": 3, "fields": {"created_by": 5, "created_at": "2023-02-14T19:00:00.796", "updated_at": "2023-02-14T19:00:00.796", "project_hour": 2, "hours": 25.0, "employee": 1}}, {"model": "project_management.dailyprojectupdate", "pk": 1, "fields": {"created_by": 1, "created_at": "2023-02-13T16:10:06.273", "updated_at": "2023-02-14T20:20:35.932", "employee": 1, "manager": 4, "project": 1, "hours": 800.0, "update": "abcdc", "status": "pending"}}, {"model": "project_management.dailyprojectupdate", "pk": 2, "fields": {"created_by": 1, "created_at": "2023-02-13T17:46:19.765", "updated_at": "2023-02-14T20:26:27.420", "employee": 5, "manager": 4, "project": 1, "hours": 10.0, "update": "jfdsak", "status": "pending"}}, {"model": "project_management.dailyprojectupdate", "pk": 3, "fields": {"created_by": 5, "created_at": "2023-02-13T18:56:00.293", "updated_at": "2023-02-13T20:48:38.791", "employee": 2, "manager": 6, "project": 1, "hours": 7.0, "update": "gooddd", "status": "pending"}}, {"model": "project_management.dailyprojectupdate", "pk": 4, "fields": {"created_by": 5, "created_at": "2023-02-13T20:49:56.790", "updated_at": "2023-02-13T20:50:08.771", "employee": 4, "manager": 4, "project": 1, "hours": 10.0, "update": "update", "status": "approved"}}, {"model": "project_management.dailyprojectupdate", "pk": 5, "fields": {"created_by": 5, "created_at": "2023-02-14T13:17:23.234", "updated_at": "2023-02-14T13:17:23.234", "employee": 4, "manager": 4, "project": 2, "hours": 10.0, "update": "good", "status": "approved"}}, {"model": "project_management.dailyprojectupdate", "pk": 6, "fields": {"created_by": 7, "created_at": "2023-02-14T18:29:28.839", "updated_at": "2023-02-14T18:29:28.839", "employee": 7, "manager": 6, "project": 2, "hours": 10.0, "update": "well", "status": "approved"}}, {"model": "project_management.dailyprojectupdate", "pk": 7, "fields": {"created_by": 1, "created_at": "2023-02-14T19:53:02.977", "updated_at": "2023-02-14T19:55:12.263", "employee": 6, "manager": 4, "project": 1, "hours": 10.0, "update": "good very good", "status": "approved"}}, {"model": "project_management.dailyprojectupdate", "pk": 8, "fields": {"created_by": 5, "created_at": "2023-02-14T19:53:52.484", "updated_at": "2023-02-15T12:19:25.643", "employee": 4, "manager": 4, "project": 2, "hours": 10.0, "update": "very goodd", "status": "approved"}}, {"model": "project_management.dailyprojectupdate", "pk": 9, "fields": {"created_by": 1, "created_at": "2023-02-14T19:55:59.313", "updated_at": "2023-02-14T19:55:59.313", "employee": 7, "manager": 4, "project": 2, "hours": 33.0, "update": "bad", "status": "pending"}}, {"model": "project_management.dailyprojectupdate", "pk": 11, "fields": {"created_by": 7, "created_at": "2023-02-14T20:31:50.746", "updated_at": "2023-02-15T12:41:29.611", "employee": 7, "manager": 4, "project": 1, "hours": 6.0, "update": "veryy", "status": "pending"}}, {"model": "project_management.dailyprojectupdate", "pk": 12, "fields": {"created_by": 1, "created_at": "2023-02-14T20:53:04.977", "updated_at": "2023-02-15T12:37:10.263", "employee": 4, "manager": 4, "project": 2, "hours": 20.0, "update": "update", "status": "pending"}}, {"model": "project_management.dailyprojectupdate", "pk": 16, "fields": {"created_by": 5, "created_at": "2023-02-15T12:30:06.144", "updated_at": "2023-02-15T12:30:27.811", "employee": 4, "manager": 4, "project": 2, "hours": 11.0, "update": "update from manager", "status": "pending"}}, {"model": "project_management.dailyprojectupdate", "pk": 17, "fields": {"created_by": 7, "created_at": "2023-02-15T12:32:53.064", "updated_at": "2023-02-15T12:32:53.064", "employee": 7, "manager": 4, "project": 2, "hours": 10.0, "update": "update from developer", "status": "pending"}}, {"model": "project_management.dailyprojectupdate", "pk": 18, "fields": {"created_by": 7, "created_at": "2023-02-15T13:09:24.907", "updated_at": "2023-02-15T13:09:24.907", "employee": 7, "manager": 4, "project": 1, "hours": 10.0, "update": "update", "status": "pending"}}, {"model": "project_management.dailyprojectupdate", "pk": 19, "fields": {"created_by": 1, "created_at": "2023-02-15T13:34:55.049", "updated_at": "2023-02-15T13:34:55.049", "employee": 7, "manager": 4, "project": 2, "hours": 10.0, "update": "update", "status": "approved"}}, {"model": "project_management.dailyprojectupdate", "pk": 20, "fields": {"created_by": 5, "created_at": "2023-02-15T13:36:29.314", "updated_at": "2023-02-15T13:36:29.314", "employee": 4, "manager": 4, "project": 1, "hours": 10.0, "update": "update", "status": "pending"}}, {"model": "project_management.dailyprojectupdate", "pk": 21, "fields": {"created_by": 7, "created_at": "2023-02-15T13:37:40.793", "updated_at": "2023-02-15T13:37:40.793", "employee": 7, "manager": 4, "project": 1, "hours": 0.0, "update": "update", "status": "pending"}}, {"model": "project_management.dailyprojectupdate", "pk": 22, "fields": {"created_by": 7, "created_at": "2023-02-16T13:24:24.289", "updated_at": "2023-02-16T13:24:24.289", "employee": 7, "manager": 4, "project": 1, "hours": 10.0, "update": "good", "status": "pending"}}, {"model": "account.salarysheet", "pk": 1, "fields": {"created_by": 1, "created_at": "2023-02-13T13:54:41.557", "updated_at": "2023-02-13T13:54:41.559", "date": "2023-02-05", "festival_bonus": false, "total_value": null, "approved_by": null}}, {"model": "account.employeesalary", "pk": 1, "fields": {"created_at": "2023-02-13T13:54:41.567", "updated_at": "2023-02-13T13:54:41.583", "employee": 1, "net_salary": 20000.0, "overtime": 0.0, "project_bonus": 0.0, "code_quality_bonus": 0.0, "leave_bonus": 0.0, "festival_bonus": 0.0, "food_allowance": 140.0, "loan_emi": 0.0, "provident_fund": -1100.0, "gross_salary": 19040.0, "salary_sheet": 1}}, {"model": "account.employeesalary", "pk": 2, "fields": {"created_at": "2023-02-13T13:54:41.588", "updated_at": "2023-02-13T13:54:41.611", "employee": 2, "net_salary": 10000.0, "overtime": 0.0, "project_bonus": 0.0, "code_quality_bonus": 0.0, "leave_bonus": 0.0, "festival_bonus": 0.0, "food_allowance": 140.0, "loan_emi": 0.0, "provident_fund": -550.0, "gross_salary": 9590.0, "salary_sheet": 1}}, {"model": "account.salarydisbursement", "pk": 1, "fields": {"created_by": 1, "created_at": "2023-02-13T13:53:20.917", "updated_at": "2023-02-13T13:53:20.917", "title": "abc", "disbursement_type": "salary_account", "employee": [1]}}, {"model": "account.expensegroup", "pk": 1, "fields": {"created_by": 1, "created_at": "2023-02-13T13:49:59.155", "updated_at": "2023-02-13T13:49:59.155", "title": "home", "note": "abc"}}, {"model": "account.expensecategory", "pk": 1, "fields": {"created_by": 1, "created_at": "2023-02-13T13:50:21.247", "updated_at": "2023-02-13T13:50:21.247", "title": "home expense", "note": "abc d"}}, {"model": "account.expense", "pk": 1, "fields": {"created_by": 1, "created_at": "2023-02-13T13:50:32.349", "updated_at": "2023-02-13T13:50:32.349", "expanse_group": 1, "expense_category": 1, "note": "", "amount": 1000.0, "date": "2023-02-05", "is_approved": false}}, {"model": "account.income", "pk": 1, "fields": {"created_by": 1, "created_at": "2023-02-13T13:51:23.967", "updated_at": "2023-02-13T13:51:23.967", "project": 1, "hours": 10.0, "loss_hours": 1.0, "hour_rate": 10.0, "convert_rate": 90.0, "payment": 9000.0, "date": "2023-02-13", "note": "", "status": "pending"}}, {"model": "account.fund", "pk": 1, "fields": {"created_by": 1, "created_at": "2023-02-13T13:51:00.155", "updated_at": "2023-02-13T13:51:00.155", "date": "2023-02-05", "amount": 500.0, "user": 3, "note": "thanks"}}, {"model": "account.invoice", "pk": 1, "fields": {"created_by": 1, "created_at": "2023-02-13T13:52:37.953", "updated_at": "2023-02-13T13:52:37.953", "serial_no": 1, "client": 1, "date_time": "2023-02-05T00:00:00"}}, {"model": "account.projectcommission", "pk": 1, "fields": {"created_by": 1, "created_at": "2023-02-13T13:52:57.645", "updated_at": "2023-02-13T13:52:57.645", "date": "2023-02-13", "employee": 1, "project": 1, "payment": 5000.0}}, {"model": "asset_management.credentialcategory", "pk": 1, "fields": {"created_by": 1, "title": "Django", "description": "course"}}, {"model": "asset_management.credential", "pk": 1, "fields": {"created_by": 1, "created_at": "2023-02-13T13:56:09.293", "updated_at": "2023-02-13T13:56:09.293", "title": "Django courses", "category": 1, "description": "<p>improvement</p>", "privileges": []}}, {"model": "asset_management.credential", "pk": 2, "fields": {"created_by": 1, "created_at": "2023-02-13T20:04:21.626", "updated_at": "2023-02-13T20:04:21.626", "title": "Gana", "category": 1, "description": "<p>Add models</p>", "privileges": []}}, {"model": "provident_fund.account", "pk": 1, "fields": {"created_by": 1, "created_at": "2023-02-13T13:30:10.493", "updated_at": "2023-02-13T13:30:10.493", "employee": 1, "start_date": "2023-02-01", "maturity_date": "2025-02-01", "scale": 10.0, "note": null, "end_date": null, "active": true}}, {"model": "provident_fund.account", "pk": 2, "fields": {"created_by": 1, "created_at": "2023-02-13T13:35:08.078", "updated_at": "2023-02-13T13:35:08.078", "employee": 2, "start_date": "2023-02-01", "maturity_date": "2025-02-01", "scale": 10.0, "note": null, "end_date": null, "active": true}}, {"model": "provident_fund.account", "pk": 3, "fields": {"created_by": 1, "created_at": "2023-02-13T16:09:50.249", "updated_at": "2023-02-13T16:09:50.249", "employee": 4, "start_date": "2023-02-01", "maturity_date": "2025-02-01", "scale": 10.0, "note": null, "end_date": null, "active": true}}, {"model": "provident_fund.account", "pk": 4, "fields": {"created_by": 1, "created_at": "2023-02-13T19:36:17.044", "updated_at": "2023-02-13T19:36:17.044", "employee": 5, "start_date": "2023-02-01", "maturity_date": "2025-02-01", "scale": 10.0, "note": null, "end_date": null, "active": true}}, {"model": "provident_fund.account", "pk": 5, "fields": {"created_by": 1, "created_at": "2023-02-13T20:43:44.245", "updated_at": "2023-02-13T20:43:44.245", "employee": 6, "start_date": "2023-02-01", "maturity_date": "2025-02-01", "scale": 10.0, "note": null, "end_date": null, "active": true}}, {"model": "provident_fund.account", "pk": 6, "fields": {"created_by": 1, "created_at": "2023-02-14T18:23:37.716", "updated_at": "2023-02-14T18:23:37.716", "employee": 7, "start_date": "2023-02-01", "maturity_date": "2025-02-01", "scale": 10.0, "note": null, "end_date": null, "active": true}}, {"model": "provident_fund.monthlyentry", "pk": 1, "fields": {"created_by": 1, "created_at": "2023-02-13T13:54:41.583", "updated_at": "2023-02-13T13:54:41.583", "account": 1, "tranx_date": "2023-02-05", "amount": 1100.0, "basic_salary": 11000.0, "note": "This payment has been made automated when salary sheet generated at 2023-02-05"}}, {"model": "provident_fund.monthlyentry", "pk": 2, "fields": {"created_by": 1, "created_at": "2023-02-13T13:54:41.611", "updated_at": "2023-02-13T13:54:41.611", "account": 2, "tranx_date": "2023-02-05", "amount": 550.0, "basic_salary": 5500.0, "note": "This payment has been made automated when salary sheet generated at 2023-02-05"}}]